Ticker,Listed Data,City,State,Number of employees,Industry,IPO Price
MKD,2019-12-30,,,189,,5.38
MNPR,2019-12-19,WILMETTE,IL,10,PHARMACEUTICAL PREPARATIONS,8.0
INDO,2019-12-19,,,62,,11.0
CIIC,,,,,,10.0
OCFT,2019-12-13,,,3597,,10.0
SPT,2019-12-13,CHICAGO,IL,700,SERVICES-PREPACKAGED SOFTWARE,17.0
HCCO,,,,,,10.0
BILL,2019-12-12,SAN JOSE,CA,1384,SERVICES-PREPACKAGED SOFTWARE,22.0
EH,2019-12-12,,,227,,12.5
LIVK,,,,,,10.0
XP,2019-12-11,,,3651,,27.0
LMPX,2019-12-05,FORT LAUDERDALE,FL,17,RETAIL-AUTO DEALERS & GASOLINE STATIONS,5.0
ALUS,,,,,,10.0
CHPM,2020-01-10,SUMMIT,NJ,3,BLANK CHECKS,10.0
PINE,2019-11-22,DAYTONA BEACH,FL,4,REAL ESTATE INVESTMENT TRUSTS,19.0
PTAC,,,,,,10.0
CAN,2019-11-21,,,248,,9.0
GRNV,,,,,,10.0
SITM,2019-11-21,SANTA CLARA,CA,187,SEMICONDUCTORS & RELATED DEVICES,13.0
SAQN,,,,,,10.0
AMHC,,,,,,10.0
YAYO,,,,,,4.0
ETNB,2019-11-11,SAN FRANCISCO,CA,27,PHARMACEUTICAL PREPARATIONS,16.0
TELA,2019-11-08,MALVERN,PA,108,SURGICAL & MEDICAL INSTRUMENTS & APPARATUS,13.0
KRKR,2019-11-08,,,522,,14.5
CNSP,2019-11-08,HOUSTON,TX,5,PHARMACEUTICAL PREPARATIONS,4.0
MOHO,2019-11-08,,,455,,10.0
SRAC,,,,,,10.0
JIH,,,,,,10.0
DFNS,,,,,,10.0
SI,2019-11-07,LA JOLLA,CA,237,STATE COMMERCIAL BANKS,12.0
CNTG,2019-11-07,,,660,,14.0
GRTX,2019-11-07,MALVERN,PA,38,PHARMACEUTICAL PREPARATIONS,12.0
MCMJ,2019-12-12,NEW YORK,NY,2,SERVICES-PREPACKAGED SOFTWARE,10.0
QK,2019-11-05,,,248,,17.0
FSRV,,,,,,10.0
SFTW,,,,,,10.0
DUO,2019-11-01,,,1725,,13.0
OYST,2019-10-31,PRINCETON,NJ,62,"BIOLOGICAL PRODUCTS, (NO DISGNOSTIC SUBSTANCES)",16.0
RAPT,2019-08-01,SOUTH SAN FRANCISCO,CA,81,PHARMACEUTICAL PREPARATIONS,12.0
PHAT,2019-10-25,FLORHAM PARK,NJ,55,PHARMACEUTICAL PREPARATIONS,19.0
TFFP,2019-10-24,AUSTIN,TX,4,PHARMACEUTICAL PREPARATIONS,5.0
HAPP,2019-10-25,,,215,,5.5
DAO,2019-10-25,,,4949,,17.0
PGNY,2019-10-25,NEW YORK,NY,210,"SERVICES-MISC HEALTH & ALLIED SERVICES, NEC",13.0
CABA,2019-10-25,PHILADELPHIA,PA,47,"BIOLOGICAL PRODUCTS, (NO DISGNOSTIC SUBSTANCES)",11.0
AIH,2019-10-25,,,1665,,12.0
BRP,2019-10-24,TAMPA,FL,1525,"INSURANCE AGENTS, BROKERS & SERVICE",14.0
GLEO,,,,,,10.0
LATN,,,,,,10.0
IPHA,2015-09-09,,,244,,5.5
BRBR,2019-10-17,ST. LOUIS,MO,355,FOOD AND KINDRED PRODUCTS,14.0
VIR,2019-10-11,SAN FRANCISCO,CA,395,"BIOLOGICAL PRODUCTS, (NO DISGNOSTIC SUBSTANCES)",20.0
HBT,2019-10-11,BLOOMINGTON,IL,747,STATE COMMERCIAL BANKS,16.0
BNTX,2019-10-10,,,1941,,15.0
APRE,2019-10-03,BOSTON,MA,17,PHARMACEUTICAL PREPARATIONS,15.0
MCBS,2016-03-31,DORAVILLE,GA,211,STATE COMMERCIAL BANKS,13.5
FREQ,2019-10-03,LEXINGTON,MA,87,PHARMACEUTICAL PREPARATIONS,14.0
VIE,,,,,,19.0
PTON,2019-09-26,NEW YORK,NY,8662,"SPORTING & ATHLETIC GOODS, NEC",29.0
OPRT,2019-09-26,SAN CARLOS,CA,3149,FINANCE SERVICES,15.0
XGN,2019-09-19,VISTA,CA,183,SERVICES-MEDICAL LABORATORIES,14.0
PING,2019-09-19,DENVER,CO,1022,SERVICES-PREPACKAGED SOFTWARE,15.0
DDOG,2019-09-19,NEW YORK,NY,1085,SERVICES-PREPACKAGED SOFTWARE,27.0
IGMS,2019-09-18,MOUNTAIN VIEW,CA,171,PHARMACEUTICAL PREPARATIONS,16.0
NVST,2019-09-18,BREA,CA,12400,DENTAL EQUIPMENT & SUPPLIES,22.0
APXT,,,,,,10.0
ALRS,2000-11-01,GRAND FORKS,ND,851,NATIONAL COMMERCIAL BANKS,21.0
SWTX,2019-09-13,STAMFORD,CT,142,"BIOLOGICAL PRODUCTS, (NO DISGNOSTIC SUBSTANCES)",18.0
EXPC,,,,,,10.0
NET,2019-09-13,SAN FRANCISCO,CA,2240,SERVICES-PREPACKAGED SOFTWARE,15.0
STSA,2019-09-13,SOUTH SAN FRANCISCO,CA,21,PHARMACEUTICAL PREPARATIONS,15.0
SDC,2019-09-12,NASHVILLE,TN,4000,DENTAL EQUIPMENT & SUPPLIES,23.0
TXG,2019-09-12,PLEASANTON,CA,290,LABORATORY ANALYTICAL INSTRUMENTS,39.0
NPA,,,,,,10.0
JFU,2019-08-15,,,1091,,9.5
CFB,2019-08-15,LEAWOOD,KS,328,STATE COMMERCIAL BANKS,14.5
PLIN,2019-08-14,,,24,,5.0
THBR,,,,,,10.0
SSPK,,,,,,10.0
INMD,2019-08-08,,,311,,14.0
AMTD,2019-08-05,,,46,,8.38
ORSN,,,,,,10.0
SNDL,2019-08-01,,,394,,13.0
KRUS,2019-08-01,IRVINE,CA,1800,RETAIL-EATING PLACES,14.0
DT,2019-08-01,WALTHAM,MA,2779,SERVICES-PREPACKAGED SOFTWARE,16.0
NFIN,,,,,,10.0
BORR,2018-05-07,,,418,,9.3
CCX,,,,,,10.0
BHAT,2019-07-26,,,111,,4.0
SBE,,,,,,10.0
VIST,2019-07-26,,,382,,9.0
WSG,,,,,,8.0
PROS,,,,,,14.0
FLLC,,,,,,10.0
NOVA,2019-07-25,HOUSTON,TX,398,ELECTRIC & OTHER SERVICES COMBINED,12.0
LVGO,,,,,,28.0
HCAT,2019-07-25,SOUTH JORDAN,UT,1000,"SERVICES-COMPUTER PROGRAMMING, DATA PROCESSING, ETC.",26.0
CSTL,2019-07-25,FRIENDSWOOD,TX,201,SERVICES-MEDICAL LABORATORIES,16.0
EIC,,,,,,19.0
MDLA,,,,,,21.0
IFS,2017-12-22,,,7407,,46.0
AFYA,2019-07-19,,,8177,,19.0
IHRT,2019-05-06,SAN ANTONIO,TX,10200,RADIO BROADCASTING STATIONS,17.0
OAC,,,,,,10.0
CPAA.D,,,,,,10.0
FULC,2019-07-18,CAMBRIDGE,MA,73,PHARMACEUTICAL PREPARATIONS,16.0
MIRM,2019-07-18,FOSTER CITY,CA,137,PHARMACEUTICAL PREPARATIONS,15.0
AMK,2019-07-18,CONCORD,CA,732,INVESTMENT ADVICE,22.0
PHR,2019-07-18,RALEIGH,NC,827,"SERVICES-BUSINESS SERVICES, NEC",17.0
ORCC,2019-07-18,NEW YORK,NY,,,15.3
DOYU,2019-07-17,,,1877,,11.5
THCA,2019-07-30,NEW YORK,NY,2,BLANK CHECKS,10.0
SCPE,,,,,,10.0
PIC,,,,,,10.0
RMBI,2019-07-02,RICHMOND,IN,170,STATE COMMERCIAL BANKS,10.0
KRTX,2019-06-28,BOSTON,MA,63,PHARMACEUTICAL PREPARATIONS,16.0
REAL,2019-06-28,SAN FRANCISCO,CA,2604,RETAIL-MISCELLANEOUS RETAIL,20.0
CHNG,2019-06-27,NASHVILLE,TN,15000,SERVICES-COMPUTER PROCESSING & DATA PREPARATION,13.0
BBIO,2019-06-27,PALO ALTO,CA,396,PHARMACEUTICAL PREPARATIONS,17.0
ADPT,2019-06-27,SEATTLE,WA,622,"BIOLOGICAL PRODUCTS, (NO DISGNOSTIC SUBSTANCES)",20.0
MORF,2019-06-27,WALTHAM,MA,101,PHARMACEUTICAL PREPARATIONS,15.0
CMBM,2019-06-26,GRAND CAYMAN,E9,512,RADIO & TV BROADCASTING & COMMUNICATIONS EQUIPMENT,12.0
LINX,,,,,,9.4
PSNL,2019-06-20,MENLO PARK,CA,235,SERVICES-MEDICAL LABORATORIES,17.0
BCEL,2019-06-20,SAN CARLOS,CA,137,PHARMACEUTICAL PREPARATIONS,17.0
GO,2019-06-20,EMERYVILLE,CA,946,RETAIL-GROCERY STORES,22.0
AKRO,2019-06-20,SOUTH SAN FRANCISCO,CA,32,PHARMACEUTICAL PREPARATIONS,16.0
WORK,,,,,,26.0
PRVL,,,,,,17.0
SMMC,,,,,,10.0
STOK,2019-06-19,BEDFORD,MA,79,PHARMACEUTICAL PREPARATIONS,18.0
CHWY,2019-06-14,DANIA BEACH,FL,18500,RETAIL-CATALOG & MAIL-ORDER HOUSES,22.0
FVRR,2019-06-13,,,545,,21.0
CRWD,2019-06-12,SUNNYVALE,CA,4543,SERVICES-PREPACKAGED SOFTWARE,34.0
MWK,,,,,,10.0
HYAC.D,,,,,,10.0
RVLV,2019-06-07,CERRITOS,CA,843,RETAIL-CATALOG & MAIL-ORDER HOUSES,18.0
GIX,,,,,,10.0
GOTU,2019-06-06,,,22570,,10.5
BCYC,2019-05-23,CAMBRIDGE,X0,109,PHARMACEUTICAL PREPARATIONS,14.0
IDYA,2019-05-23,SOUTH SAN FRANCISCO,CA,83,PHARMACEUTICAL PREPARATIONS,10.0
RTLR,2019-05-23,MIDLAND,TX,676,NATURAL GAS TRANSMISSION,17.5
GXGX,,,,,,10.0
LKNCY,,,,,,17.0
FSLY,2019-05-17,SAN FRANCISCO,CA,992,SERVICES-PREPACKAGED SOFTWARE,16.0
AVTR,2019-05-17,RADNOR,PA,12400,LABORATORY ANALYTICAL INSTRUMENTS,14.0
PSTL,2019-05-15,CEDARHURST,NY,25,REAL ESTATE INVESTMENT TRUSTS,17.0
AGBA,2019-07-15,"TSIMSHATSUI EAST, KOWLOON",K3,2,BLANK CHECKS,10.0
APLT,2019-05-13,NEW YORK,NY,27,PHARMACEUTICAL PREPARATIONS,10.0
JFIN,2019-05-10,,,894,,10.5
UBER,2019-05-10,SAN FRANCISCO,CA,24700,"SERVICES-BUSINESS SERVICES, NEC",45.0
SONM,2019-05-10,AUSTIN,TX,263,TELEPHONE & TELEGRAPH APPARATUS,11.0
CRTX,2019-05-09,SOUTH SAN FRANCISCO,CA,38,"BIOLOGICAL PRODUCTS, (NO DISGNOSTIC SUBSTANCES)",17.0
AXLA,2019-05-09,CAMBRIDGE,MA,59,"BIOLOGICAL PRODUCTS, (NO DISGNOSTIC SUBSTANCES)",20.0
HHR,2019-05-09,,,1280,,13.5
SPFI,2019-05-09,LUBBOCK,TX,682,STATE COMMERCIAL BANKS,17.5
MEC,2019-05-09,MAYVILLE,WI,2150,METAL FORGINGS & STAMPINGS,17.0
NXTC,2019-05-09,BELTSVILLE,MD,90,PHARMACEUTICAL PREPARATIONS,15.0
PSN,2019-05-08,CENTREVILLE,VA,15500,SERVICES-COMPUTER INTEGRATED SYSTEMS DESIGN,27.0
LCA.D,,,,,,10.0
TRVI,2019-05-07,NEW HAVEN,CT,26,PHARMACEUTICAL PREPARATIONS,10.0
TBBA,,,,,,10.0
ATIF,2019-05-03,,,24,,5.0
RRBI,2019-05-03,ALEXANDRIA,LA,344,STATE COMMERCIAL BANKS,45.0
YJ,2019-05-03,,,1036,,11.0
SCPL,2019-05-03,LAS VEGAS,NV,602,SERVICES-COMPUTER PROCESSING & DATA PREPARATION,16.0
BYND,2019-05-02,EL SEGUNDO,CA,700,FOOD AND KINDRED PRODUCTS,25.0
TMDX,2019-05-02,ANDOVER,MA,110,ELECTROMEDICAL & ELECTROTHERAPEUTIC APPARATUS,16.0
SY,2019-05-02,,,1564,,13.8
WAFU,2019-04-30,,,141,,5.0
HOOK,2019-04-18,NEW YORK,NY,136,PHARMACEUTICAL PREPARATIONS,14.0
PINS,2019-04-18,SAN FRANCISCO,CA,3112,"SERVICES-COMPUTER PROGRAMMING, DATA PROCESSING, ETC.",19.0
GNLN,2019-04-18,BOCA RATON,FL,264,"WHOLESALE-DURABLE GOODS, NEC",17.0
ZM,2019-04-18,SAN JOSE,CA,6269,"SERVICES-COMPUTER PROGRAMMING, DATA PROCESSING, ETC.",36.0
MNRL,2019-04-18,AUSTIN,TX,43,CRUDE PETROLEUM & NATURAL GAS,18.0
PLMR,2019-04-17,LA JOLLA,CA,122,"FIRE, MARINE & CASUALTY INSURANCE",15.0
TPTX,2019-04-17,SAN DIEGO,CA,237,PHARMACEUTICAL PREPARATIONS,18.0
BWAY,2019-04-17,,,100,,11.0
JMIA,2019-04-11,,,4067,,14.5
TUFN,2019-04-11,,,533,,14.0
PD,2019-04-11,SAN FRANCISCO,CA,783,SERVICES-PREPACKAGED SOFTWARE,24.0
GHSI,2019-04-05,SAN DIEGO,CA,13,PHARMACEUTICAL PREPARATIONS,4.0
SILK,2019-04-04,SUNNYVALE,CA,281,SURGICAL & MEDICAL INSTRUMENTS & APPARATUS,20.0
RPLA,,,,,,10.0
TW,2019-04-04,NEW YORK,NY,961,"SECURITY & COMMODITY BROKERS, DEALERS, EXCHANGES & SERVICES",27.0
NGM,2019-04-04,SOUTH SAN FRANCISCO,CA,210,PHARMACEUTICAL PREPARATIONS,16.0
RUHN,,,,,,12.5
PBTS,2019-04-02,,,236,,5.0
PUYI,2019-03-29,,,716,,6.0
LYFT,2019-03-29,SAN FRANCISCO,CA,4675,"SERVICES-BUSINESS SERVICES, NEC",72.0
DTIL,2019-03-28,DURHAM,NC,226,"BIOLOGICAL PRODUCTS, (NO DISGNOSTIC SUBSTANCES)",16.0
JFK,,,,,,10.0
WTRE,,,,,,25.26
GNFT,2019-03-27,,,130,,22.0
LEVI,2019-03-21,SAN FRANCISCO,CA,16600,APPAREL & OTHER FINISHD PRODS OF FABRICS & SIMILAR MATL,17.0
INSU,,,,,,10.0
TIGR,2019-03-20,,,785,,8.0
TRNE,,,,,,10.0
FUTU,2019-03-08,,,1315,,12.0
CRSA,,,,,,10.0
SWAV,2019-03-07,SANTA CLARA,CA,449,SURGICAL & MEDICAL INSTRUMENTS & APPARATUS,17.0
THCB,,,,,,10.0
HCAC,,,,,,10.0
SHLL,,,,,,10.0
KLDO,2019-02-28,BEDFORD,MA,82,"BIOLOGICAL PRODUCTS, (NO DISGNOSTIC SUBSTANCES)",15.0
DPHC,,,,,,10.0
SLGG,2019-02-26,SANTA MONICA,CA,51,SERVICES-AMUSEMENT & RECREATION SERVICES,11.0
ACAM.D,,,,,,10.0
SOLY,,,,,,5.0
MITO,2019-02-15,,,29,,12.0
HOTH,2019-02-15,NEW YORK,NY,4,PHARMACEUTICAL PREPARATIONS,5.6
AREC,2015-08-03,FISHERS,IN,11,SERVICES-MISCELLANEOUS REPAIR SERVICES,4.0
TCRR,2019-02-14,CAMBRIDGE,MA,164,"BIOLOGICAL PRODUCTS, (NO DISGNOSTIC SUBSTANCES)",15.0
AVDR,2019-02-14,WALTHAM,MA,,PHARMACEUTICAL PREPARATIONS,14.0
IMAC,2019-02-11,BRENTWOOD,TN,139,"SERVICES-SPECIALTY OUTPATIENT FACILITIES, NEC",5.13
ANCN,,,,,,11.5
RMG,,,,,,10.0
GOSS,2019-02-08,SAN DIEGO,CA,196,PHARMACEUTICAL PREPARATIONS,16.0
HARP,2019-02-08,SOUTH SAN FRANCISCO,CA,92,"BIOLOGICAL PRODUCTS, (NO DISGNOSTIC SUBSTANCES)",14.0
MNCL,,,,,,10.0
ALEC,2019-02-07,SOUTH SAN FRANCISCO,CA,185,"BIOLOGICAL PRODUCTS, (NO DISGNOSTIC SUBSTANCES)",19.0
IPV,,,,,,10.0
INMB,2019-02-04,LA JOLLA,CA,5,"BIOLOGICAL PRODUCTS, (NO DISGNOSTIC SUBSTANCES)",8.0
GMHI,,,,,,10.0
NFE,2019-01-31,NEW YORK,NY,231,NATURAL GAS DISTRIBUTION,14.0
RBKB,2019-01-17,POUGHKEEPSIE,NY,43,"SAVINGS INSTITUTIONS, NOT FEDERALLY CHARTERED",10.0
BCOW,2019-01-09,GREENFIELD,WI,96,"SAVINGS INSTITUTIONS, NOT FEDERALLY CHARTERED",10.0
MDJH,2019-01-08,,,174,,5.0
MTC,2019-01-08,,,35,,4.0
SXTC,2019-01-04,,,96,,4.0
MRM,2020-12-29,,,55,,15.0
VTAQ,2021-02-05,GREENWICH,CT,4,BLANK CHECKS,10.0
CFIV,2021-02-16,NEW YORK,NY,3,BLANK CHECKS,10.0
GBS,2020-12-23,NEW YORK,NY,9,SURGICAL & MEDICAL INSTRUMENTS & APPARATUS,17.0
VHAQ,2021-02-04,NORCROSS,GA,2,BLANK CHECKS,10.0
IKT,2020-12-23,ATLANTA,GA,3,"BIOLOGICAL PRODUCTS, (NO DISGNOSTIC SUBSTANCES)",10.0
VII,2021-02-12,SAN FRANCISCO,CA,2,BLANK CHECKS,10.0
HCAR,2021-01-05,BETHESDA,MD,4,BLANK CHECKS,10.0
ACKIT,2021-02-04,CLAYMONT,DE,3,BLANK CHECKS,10.0
DUNE,2021-02-19,WEST PALM BEACH,FL,2,BLANK CHECKS,10.0
IIII,2021-02-08,PHILADELPHIA,PA,2,BLANK CHECKS,10.0
GFX,2021-02-08,NEWARK,DE,3,BLANK CHECKS,10.0
MTAC,2021-02-08,NEW YORK,NY,3,BLANK CHECKS,10.0
SVOK,,,,,,10.0
MASS,2020-12-18,BOSTON,MA,40,"MEASURING & CONTROLLING DEVICES, NEC",20.0
VIRI,2020-12-17,ALPHARETTA,GA,3,PHARMACEUTICAL PREPARATIONS,10.0
MDWT,2015-05-14,LINCOLN,NE,48,LIFE INSURANCE,70.0
COOL,2021-02-08,PALO ALTO,CA,6,BLANK CHECKS,10.0
SCOA,2021-02-05,NEW YORK,NY,3,BLANK CHECKS,10.0
CCV,2021-02-05,NEW YORK,NY,2,BLANK CHECKS,10.0
SCPS,2020-12-16,NEW YORK,NY,4,PHARMACEUTICAL PREPARATIONS,5.5
BCAB,2020-12-16,SAN DIEGO,CA,36,"BIOLOGICAL PRODUCTS, (NO DISGNOSTIC SUBSTANCES)",18.0
WISH,2020-12-16,SAN FRANCISCO,CA,875,RETAIL-CATALOG & MAIL-ORDER HOUSES,24.0
UPST,2020-12-16,SAN MATEO,CA,554,FINANCE SERVICES,20.0
ATA,2021-01-28,DALLAS,TX,2,BLANK CHECKS,10.0
WNW,2020-12-15,,,56,,5.0
MRAC,,,,,,10.0
BLUW,,,,,,10.0
KINZ,2021-02-04,PALO ALTO,CA,2,BLANK CHECKS,10.0
OCG,2020-12-15,,,47,,4.0
FDMT,2020-12-11,EMERYVILLE,CA,121,"BIOLOGICAL PRODUCTS, (NO DISGNOSTIC SUBSTANCES)",23.0
GHVI,,,,,,10.0
SNRH,2021-02-01,SCOTTSDALE,AZ,4,BLANK CHECKS,10.0
CBAH,,,,,,10.0
ABCL,2020-12-11,VANCOUVER,A1,206,PHARMACEUTICAL PREPARATIONS,20.0
VVOS,2020-12-11,HIGHLANDS RANCH,CO,147,SURGICAL & MEDICAL INSTRUMENTS & APPARATUS,6.0
NBTX,2020-12-11,,,,,13.5
DWIN,2021-01-29,HOUSTON,TX,2,BLANK CHECKS,10.0
EDTX,2021-02-12,LONDON,X0,3,BLANK CHECKS,10.0
GLAQ,2021-02-05,BOCA RATON,FL,1,BLANK CHECKS,10.0
CERT,2020-12-11,PRINCETON,NJ,903,SERVICES-PREPACKAGED SOFTWARE,23.0
MOTV,2021-02-01,NEW YORK,NY,3,"SECURITY & COMMODITY BROKERS, DEALERS, EXCHANGES & SERVICES",10.0
ROCC.D,,,,,,10.0
TVAC,2021-02-09,VALENCIA,CA,2,BLANK CHECKS,10.0
CTAQ,2021-02-01,BURLINGAME,CA,3,BLANK CHECKS,10.0
RMGB,,,,,,10.0
HYFM,2020-12-10,FAIRLESS HILLS,PA,327,WHOLESALE-MISCELLANEOUS NONDURABLE GOODS,20.0
PCPC,2021-02-01,NEW YORK,NY,4,BLANK CHECKS,25.0
ABNB,2020-12-10,SAN FRANCISCO,CA,5597,SERVICES-TO DWELLINGS & OTHER BUILDINGS,68.0
AI,2020-12-09,REDWOOD CITY,CA,628,SERVICES-PREPACKAGED SOFTWARE,42.0
DASH,2020-12-09,SAN FRANCISCO,CA,3886,"SERVICES-BUSINESS SERVICES, NEC",102.0
FLAC,2021-01-29,SEATTLE,WA,4,BLANK CHECKS,10.0
PUBM,2020-12-09,REDWOOD CITY,CA,548,"SERVICES-COMPUTER PROGRAMMING, DATA PROCESSING, ETC.",20.0
ALTU,2021-01-29,ATLANTA,GA,4,BLANK CHECKS,10.0
HMCO,2021-01-28,AUSTIN,TX,4,BLANK CHECKS,10.0
NEBC,,,,,,10.0
CND,2021-01-28,NEW YORK,NY,2,BLANK CHECKS,10.0
RAAC,,,,,,10.0
MUDS,2021-01-29,NEW YORK,NY,4,RETAIL-MISCELLANEOUS RETAIL,10.0
DDMX,,,,,,10.0
SBTX,2020-12-04,SEATTLE,WA,83,PHARMACEUTICAL PREPARATIONS,21.0
FTCV,2021-01-25,PHILADELPHIA,PA,3,BLANK CHECKS,10.0
YQ,2020-12-04,,,3156,,10.5
SGTX,2020-12-04,CAMBRIDGE,MA,115,PHARMACEUTICAL PREPARATIONS,18.0
PTIC,2021-01-25,WILSON,WY,1,BLANK CHECKS,10.0
SEER,2020-12-04,REDWOOD CITY,CA,60,LABORATORY ANALYTICAL INSTRUMENTS,19.0
DCBO,2019-10-18,,,488,,52.21
HTPA,2021-01-25,GRAND CAYMAN,E9,3,RETAIL-CATALOG & MAIL-ORDER HOUSES,10.0
SPFR,,,,,,10.0
LOKB,,,,,,10.0
FPAC,2021-01-19,NEW YORK,NY,1,FINANCE SERVICES,10.0
KNTE,2020-12-03,SAN DIEGO,CA,31,PHARMACEUTICAL PREPARATIONS,20.0
TACA,2021-01-22,GRAND CAYMAN,E9,1,BLANK CHECKS,10.0
RSVA,,,,,,10.0
CAP,,,,,,10.0
SGAM,,,,,,10.0
FRX,,,,,,10.0
SPRQ,,,,,,10.0
VMAR,2020-11-24,,,21,,10.0
HFEN,,,,,,7.0
GNPK,,,,,,10.0
OZON,2020-11-24,,,14834,,30.0
SV,2020-12-08,DALLAS,TX,2,,10.0
TINV,2021-01-14,SINGAPORE,U0,4,BLANK CHECKS,10.0
VCVC,,,,,,10.0
BREZ,2020-12-23,IRVING,TX,5,BLANK CHECKS,10.0
CAS,2021-01-15,NEW YORK,NY,2,BLANK CHECKS,10.0
ARBG,2021-01-11,GREENWICH,CT,2,BLANK CHECKS,10.0
MRVI,2020-11-20,SAN DIEGO,CA,460,PHARMACEUTICAL PREPARATIONS,27.0
KWAC,2021-02-17,NEW YORK,NY,2,BLANK CHECKS,10.0
LSAQ,,,,,,10.0
OCA,2021-01-12,MILLBURN,NJ,3,"FIRE, MARINE & CASUALTY INSURANCE",10.0
SHC,2020-11-20,BROADVIEW HEIGHTS,OH,3000,"SERVICES-MISC HEALTH & ALLIED SERVICES, NEC",23.0
YSG,2020-11-19,,,3936,,10.5
JYAC,2020-11-19,PALO ALTO,CA,4,BLANK CHECKS,10.0
OLMA,2020-11-19,SAN FRANCISCO,CA,37,PHARMACEUTICAL PREPARATIONS,19.0
IIAC,,,,,,10.0
TLS,2020-11-19,ASHBURN,VA,785,SERVICES-COMPUTER INTEGRATED SYSTEMS DESIGN,17.0
LNFA,2021-01-07,CHICAGO,IL,2,BLANK CHECKS,10.0
RTPZ,,,,,,10.0
CHFW,,,,,,10.0
NGMS,2020-11-19,,,153,,17.0
PHIC,2021-01-08,NEW YORK,NY,2,BLANK CHECKS,10.0
OTRA,2020-12-10,MIAMI,FL,2,BLANK CHECKS,10.0
PIPP,2021-01-07,FORT LAUDERDALE,FL,3,BLANK CHECKS,10.0
ZNTE,2021-01-07,BEACHWOOD,OH,2,BLANK CHECKS,10.0
DGNS,,,,,,10.0
CFAC,,,,,,10.0
DMYI,,,,,,10.0
BWAC,2020-12-28,NEW YORK,NY,3,BLANK CHECKS,10.0
HAAC,2021-01-04,CAMBRIDGE,MA,2,BLANK CHECKS,10.0
STIC,,,,,,10.0
NOAC,2021-01-29,WESTON,MA,2,BLANK CHECKS,10.0
TSIA,,,,,,10.0
ADOC,2020-12-10,VICTOR,NY,2,BLANK CHECKS,10.0
DBDR,,,,,,10.0
CONX,2020-12-21,LITTLETON,CO,1,BLANK CHECKS,10.0
BHSE,2020-12-17,MIAMI BEACH,FL,2,BLANK CHECKS,10.0
SQZ,2020-10-30,WATERTOWN,MA,98,"BIOLOGICAL PRODUCTS, (NO DISGNOSTIC SUBSTANCES)",16.0
LU,2020-10-30,,,87240,,13.5
JUPW,2020-10-30,JUPITER,FL,5,"PERFUMES, COSMETICS & OTHER TOILET PREPARATIONS",7.5
NBA,,,,,,10.0
AVIR,2020-10-30,BOSTON,MA,56,PHARMACEUTICAL PREPARATIONS,24.0
DSAC,2020-11-30,HONG KONG,K3,3,BLANK CHECKS,10.0
GLTO,2020-10-29,BOSTON,MA,28,PHARMACEUTICAL PREPARATIONS,15.0
ALGM,2020-10-29,MANCHESTER,NH,520,SEMICONDUCTORS & RELATED DEVICES,14.0
LESL,2020-10-29,PHOENIX,AZ,3700,"RETAIL-RETAIL STORES, NEC",17.0
AJAX,,,,,,10.0
ACIC,,,,,,10.0
ABST,,,,731,,11.0
BOAC,2020-12-18,DALLAS,TX,3,BLANK CHECKS,10.0
ROOT,2020-10-28,COLUMBUS,OH,1007,"FIRE, MARINE & CASUALTY INSURANCE",27.0
MAX,2020-10-28,LOS ANGELES,CA,117,"INSURANCE CARRIERS, NEC",19.0
GATO,2020-10-28,GREENWOOD VILLAGE,CO,641,GOLD AND SILVER ORES,7.0
BDSX,2020-10-28,BOULDER,CO,200,SERVICES-MEDICAL LABORATORIES,18.0
MACU,2020-11-27,CORNELIUS,NC,2,BLANK CHECKS,10.0
LUXA,2020-12-14,NEW YOK,NY,3,BLANK CHECKS,10.0
ACAC,,,,,,10.0
EUCR,2020-12-14,NEW YORK,NY,4,BLANK CHECKS,10.0
ATAC,,,,,,10.0
FHTX,2020-10-23,CAMBRIDGE,MA,95,PHARMACEUTICAL PREPARATIONS,16.0
BLSA,2020-10-22,BOSTON,MA,2,BLANK CHECKS,10.0
CTAC,,,,,,10.0
RICE,,,,,,10.0
YSAC,,,,,,10.0
ABCM,2010-05-28,,,1500,,17.5
MCFE,2020-10-22,SAN JOSE,CA,6916,SERVICES-PREPACKAGED SOFTWARE,20.0
TEKK,2020-12-14,LAS VEGAS,NV,4,BLANK CHECKS,10.0
GHLD,2020-10-22,SAN DIEGO,CA,4400,MORTGAGE BANKERS & LOAN CORRESPONDENTS,15.0
LFTR,2020-12-15,BOSTON,MA,5,BLANK CHECKS,10.0
HIGA,2020-12-11,MIAMI,FL,4,BLANK CHECKS,10.0
XPOA,2020-12-11,MIAMI,FL,3,BLANK CHECKS,10.0
SPNV,,,,,,10.0
SRSA,2020-12-11,GREENWICH,CT,6,BLANK CHECKS,10.0
YGMZ,2020-10-21,,,147,,4.0
MSP,2005-04-27,NORWALK,CT,1743,SERVICES-PREPACKAGED SOFTWARE,27.0
HZON,2020-12-10,GREENWICH,CT,3,BLANK CHECKS,10.0
HLXA,2020-10-20,BOSTON,MA,2,PHARMACEUTICAL PREPARATIONS,10.0
DCRB,,,,,,10.0
GWAC,,,,,,10.0
TARS,2020-10-16,IRVINE,CA,20,"BIOLOGICAL PRODUCTS, (NO DISGNOSTIC SUBSTANCES)",16.0
ALGS,2020-10-16,SOUTH SAN FRANCISCO,CA,86,"BIOLOGICAL PRODUCTS, (NO DISGNOSTIC SUBSTANCES)",15.0
BTWN,2020-12-07,HONG KONG,F4,2,BLANK CHECKS,10.0
OPT,2011-06-07,,,9,,13.5
KRBP,2020-10-16,HOUSTON,TX,19,"BIOLOGICAL PRODUCTS, (NO DISGNOSTIC SUBSTANCES)",12.0
TMPM,2020-12-07,CAMBRIDGE,MA,4,BLANK CHECKS,10.0
EAR,2020-10-16,SAN JOSE,CA,238,"ORTHOPEDIC, PROSTHETIC & SURGICAL APPLIANCES & SUPPLIES",18.0
PRAX,2020-10-16,BOSTON,MA,67,PHARMACEUTICAL PREPARATIONS,19.0
ARRY,2020-10-15,ALBUQUERQUE,NM,387,MISCELLANEOUS MANUFACTURING INDUSTRIES,22.0
MNSO,2020-10-15,,,3648,,20.0
TMTS,,,,,,10.0
EBC,2020-10-15,BOSTON,MA,1884,"SAVINGS INSTITUTION, FEDERALLY CHARTERED",10.0
MOTN,,,,,,10.0
FVAM,2020-10-14,SAN FRANCISCO,CA,,BLANK CHECKS,10.0
CDAK,2020-10-14,CAMBRIDGE,MA,105,"BIOLOGICAL PRODUCTS, (NO DISGNOSTIC SUBSTANCES)",15.0
LCY,,,,,,10.0
IPOF,2020-11-30,PALO ALTO,CA,4,BLANK CHECKS,10.0
SPRB,2020-10-09,DALY CITY,CA,19,PHARMACEUTICAL PREPARATIONS,15.0
IH,2020-10-09,,,817,,12.0
IPOE,,,,,,10.0
STTK,2020-10-09,AUSTIN,TX,59,PHARMACEUTICAL PREPARATIONS,17.0
INTZ,1992-05-21,PLANO,TX,63,COMPUTER COMMUNICATIONS EQUIPMENT,8.0
KRON,2020-10-09,SAN MATEO,CA,95,PHARMACEUTICAL PREPARATIONS,19.0
IPOD,2020-11-30,PALO ALTO,CA,4,BLANK CHECKS,10.0
FUBO,2013-01-09,NEW YORK,NY,220,SERVICES-MOTION PICTURE & VIDEO TAPE PRODUCTION,10.0
PAIC,,,,,,10.0
AZYO,2020-10-08,SILVER SPRING,MD,176,"BIOLOGICAL PRODUCTS, (NO DISGNOSTIC SUBSTANCES)",17.0
SQFT,2020-10-07,SAN DIEGO,CA,22,REAL ESTATE INVESTMENT TRUSTS,5.0
PACE,,,,,,10.0
NGAC,,,,,,10.0
TPGY,2020-11-27,FORTH WORTH,TX,3,BLANK CHECKS,10.0
MAAC,,,,,,10.0
EMPW,,,,,,10.0
FMAC,2020-11-27,NEW YORK,NY,4,BLANK CHECKS,10.0
VGAC,,,,,,10.0
ASAQ,2020-10-15,STAMFORD,CT,5,BLANK CHECKS,10.0
SEAH,,,,,,10.0
IACA,,,,,,10.0
AVAN,2020-11-23,NEWARK,DE,2,BLANK CHECKS,10.0
ASO,2020-10-02,KATY,TX,22000,RETAIL-MISCELLANEOUS SHOPPING GOODS STORES,13.0
CCCC,2020-10-02,WATERTOWN,MA,99,"BIOLOGICAL PRODUCTS, (NO DISGNOSTIC SUBSTANCES)",19.0
ONCR,2020-10-02,CAMBRIDGE,MA,56,PHARMACEUTICAL PREPARATIONS,15.0
IMNM,2020-10-02,EXTON,PA,23,PHARMACEUTICAL PREPARATIONS,12.0
VYGG,2020-11-20,GRAND CAYMAN,E9,3,BLANK CHECKS,10.0
APSG,2020-11-23,GEORGETOWN,E9,2,BLANK CHECKS,10.0
IGAC,2020-11-23,NEW YORK,NY,2,BLANK CHECKS,10.0
IMPX,2020-11-23,LONDON,X0,3,BLANK CHECKS,10.0
LXEH,2020-10-01,,,517,,9.25
THRY,2017-01-26,D/FW AIRPORT,TX,2313,SERVICES-ADVERTISING,10.17
AGC,,,,,,10.0
AVO,2020-10-01,OXNARD,CA,2800,,12.0
LUNG,2020-10-01,REDWOOD CITY,CA,170,SURGICAL & MEDICAL INSTRUMENTS & APPARATUS,19.0
RCHG,2020-11-20,WEST CARROLLTON,OH,,BLANK CHECKS,10.0
BQ,2020-09-30,,,325,,10.0
VSPR,,,,,,10.0
PLTR,2020-09-30,DENVER,CO,2733,SERVICES-PREPACKAGED SOFTWARE,7.25
ASAN,2020-09-30,SAN FRANCISCO,CA,1080,SERVICES-PREPACKAGED SOFTWARE,21.0
FGNA,,,,,,10.0
QELL,,,,,,10.0
CD,2020-09-30,,,981,,13.5
YALA,2020-09-30,,,374,,7.5
CLII,,,,,,10.0
ORPH,2020-09-29,,,141,,11.0
VACQ,,,,,,10.0
GRAY,2020-09-25,REDWOOD CITY,CA,25,PHARMACEUTICAL PREPARATIONS,16.0
GLSI,2020-09-25,STAFFORD,TX,3,PHARMACEUTICAL PREPARATIONS,5.75
SYTA,2014-09-09,,,25,,7.25
AMST,2020-09-25,ANN ARBOR,MI,26,SERVICES-PREPACKAGED SOFTWARE,5.0
VIAO,2020-09-25,,,693,,15.0
FTIV,,,,,,10.0
PMVP,2020-09-25,CRANBURY,NJ,44,PHARMACEUTICAL PREPARATIONS,18.0
PRLD,2020-09-25,WILMINGTON,DE,113,PHARMACEUTICAL PREPARATIONS,19.0
TSHA,2020-09-24,DALLAS,TX,38,"BIOLOGICAL PRODUCTS, (NO DISGNOSTIC SUBSTANCES)",20.0
PDAC,,,,,,10.0
LSF,2020-09-23,SISTERS,OR,150,FOOD AND KINDRED PRODUCTS,22.0
ASPL,,,,,,10.0
ACTC,,,,,,10.0
CRSR,2020-09-23,FREMONT,CA,2411,"COMPUTER PERIPHERAL EQUIPMENT, NEC",17.0
GDRX,2020-09-23,SANTA MONICA,CA,478,SERVICES-COMPUTER PROCESSING & DATA PREPARATION,33.0
VIH,,,,,,10.0
BSY,2020-09-23,EXTON,PA,4010,SERVICES-PREPACKAGED SOFTWARE,22.0
PMVC,2020-11-12,PALM BEACH,FL,7,BLANK CHECKS,10.0
FCAC,,,,,,10.0
AHAC,,,,,,10.0
ATHA,2020-09-18,BOTHELL,WA,22,"BIOLOGICAL PRODUCTS, (NO DISGNOSTIC SUBSTANCES)",17.0
VTRU,2020-09-18,,,6174,,16.0
U,2020-09-18,SAN FRANCISCO,CA,4934,SERVICES-PREPACKAGED SOFTWARE,52.0
NMMC,2020-11-10,NEW YORK,NY,2,BLANK CHECKS,10.0
CMPS,2020-09-18,,,62,,17.0
OACB,2020-11-09,LOS ANGELES,CA,4,BLANK CHECKS,10.0
DYN,2020-09-17,WALTHAM,MA,88,PHARMACEUTICAL PREPARATIONS,19.0
PTVE,2020-09-17,LAKE FOREST,IL,14600,"PLASTICS, FOIL & COATED PAPER BAGS",14.0
RTP,,,,,,10.0
AMWL,2020-09-17,Boston,MA,812,"SERVICES-BUSINESS SERVICES, NEC",18.0
BNL,2020-09-17,Rochester,NY,71,REAL ESTATE INVESTMENT TRUSTS,17.0
STWO,,,,,,10.0
SUMO,2020-09-17,REDWOOD CITY,CA,759,SERVICES-PREPACKAGED SOFTWARE,22.0
FROG,2020-09-16,SUNNYVALE,CA,700,SERVICES-PREPACKAGED SOFTWARE,44.0
SNOW,2020-09-16,BOZEMAN,MT,2495,SERVICES-PREPACKAGED SOFTWARE,120.0
STEP,2020-09-16,NEW YORK,NY,731,INVESTMENT ADVICE,18.0
MTCR,2020-09-16,SAN DIEGO,CA,35,PHARMACEUTICAL PREPARATIONS,13.0
EQD,2020-11-06,CHICAGO,IL,3,BLANK CHECKS,10.0
ENPC,2020-11-06,BOSTON,MA,1,BLANK CHECKS,25.0
SBG,,,,,,10.0
SAII,,,,,,10.0
OM,2020-09-15,SAN JOSE,CA,313,ELECTROMEDICAL & ELECTROTHERAPEUTIC APPARATUS,27.0
TWCT,,,,,,10.0
LSPD,2019-08-13,,,1800,,30.5
SNPR,,,,,,10.0
LEAP,2020-11-02,PALO ALTO,CA,2,BLANK CHECKS,10.0
BSN,,,,,,10.0
NSH,,,,,,10.0
SVAC,,,,,,10.0
PIAI,2020-11-02,SAN JOSE,CA,2,BLANK CHECKS,10.0
CRHC,2020-10-30,WILMINGTON,DE,1,BLANK CHECKS,10.0
ITAC,,,,,,10.0
HEC,,,,,,10.0
TWND,2020-10-23,LOS ANGELES,CA,2,SERVICES-MANAGEMENT CONSULTING SERVICES,10.0
CAPA,,,,,,10.0
BCTG,,,,,,10.0
INAQ.D,,,,,,10.0
CMLF,,,,,,10.0
PRFX,2020-09-01,,,2,,8.0
AUVI,2020-08-31,MOUNT VERNON,NY,37,ELECTRIC LIGHTING & WIRING EQUIPMENT,5.0
GP,2015-02-09,,,55,,20.0
HCDI,2020-08-28,GIG HARBOR,WA,40,OPERATIVE BUILDERS,6.0
BTAQ,2020-10-08,GRAND CAYMAN,E9,2,BLANK CHECKS,10.0
CFII,,,,,,10.0
XPEV,2020-08-27,,,7923,,15.0
FTOC,,,,,,10.0
CLA,,,,,,10.0
KYMR,2020-08-21,WATERTOWN,MA,136,"BIOLOGICAL PRODUCTS, (NO DISGNOSTIC SUBSTANCES)",20.0
FST,2020-10-12,RIDGEFIELD,CT,4,BLANK CHECKS,10.0
NNOX,2020-08-21,,,50,,18.0
HZAC,,,,,,10.0
INBX,2020-08-19,LA JOLLA,CA,91,"BIOLOGICAL PRODUCTS, (NO DISGNOSTIC SUBSTANCES)",17.0
BFT,,,,,,10.0
HRMY,2020-08-19,PLYMOUTH MEETING,PA,150,PHARMACEUTICAL PREPARATIONS,24.0
AONE,,,,,,10.0
STPK,,,,,,10.0
FIII,,,,,,10.0
NGA,,,,,,10.0
CVAC,2020-08-14,,,554,,16.0
LCAP,2020-10-13,MIAMI,FL,3,"SERVICES-BUSINESS SERVICES, NEC",10.0
DMYD,,,,,,10.0
DCT,2020-08-14,BOSTON,MA,1653,SERVICES-PREPACKAGED SOFTWARE,27.0
DGNR,,,,,,10.0
BEKE,2020-08-13,,,119658,,20.0
RBAC,2020-10-05,NEW YORK,NY,3,SERVICES-MISCELLANEOUS AMUSEMENT & RECREATION,10.0
NTST,2020-08-13,DALLAS,TX,19,REAL ESTATE INVESTMENT TRUSTS,18.0
KBNT,2020-08-12,NEW YORK,NY,13,SERVICES-COMPUTER INTEGRATED SYSTEMS DESIGN,5.0
FSDC,,,,,,10.0
FAII,,,,,,10.0
VMAC,2020-08-21,NEW YORK,NY,2,RADIO BROADCASTING STATIONS,10.0
IBEX,2020-08-07,,,24243,,19.0
CMPI,2020-08-07,CAMBRIDGE,MA,28,"BIOLOGICAL PRODUCTS, (NO DISGNOSTIC SUBSTANCES)",15.0
ARYA,,,,,,10.0
FRLN,2020-08-07,,,236,,18.0
AFIB,2020-08-06,CARLSBAD,CA,291,SURGICAL & MEDICAL INSTRUMENTS & APPARATUS,18.0
KSMT,,,,,,10.0
GRSV,,,,,,10.0
RKT,2020-08-06,DETROIT,MI,24000,MORTGAGE BANKERS & LOAN CORRESPONDENTS,18.0
OSH,2020-08-06,CHICAGO,IL,4000,SERVICES-HEALTH SERVICES,21.0
BIGC,2020-08-05,AUSTIN,TX,813,SERVICES-PREPACKAGED SOFTWARE,24.0
RXT,2020-08-05,SAN ANTONIO,TX,7200,"SERVICES-COMPUTER PROGRAMMING, DATA PROCESSING, ETC.",21.0
HOL,,,,,,10.0
BOWX,,,,,,10.0
GOAC,2020-09-25,NEW YORK,NY,5,BLANK CHECKS,10.0
HSAQ,2020-08-04,NEW YORK,NY,4,BLANK CHECKS,10.0
YAC,,,,,,10.0
FTHM,2020-07-31,CARY,NC,38,REAL ESTATE AGENTS & MANAGERS (FOR OTHERS),10.0
GOED,2020-07-31,ST. CHARLES,MO,102,"RETAIL-HOME FURNITURE, FURNISHINGS & EQUIPMENT STORES",9.0
ETAC,2020-09-18,BURLINGAME,CA,2,BLANK CHECKS,10.0
PRPB,2020-09-21,NEW YORK,NY,4,BLANK CHECKS,10.0
VSTA,2020-07-31,,,1960,,19.0
VITL,2020-07-31,AUSTIN,TX,161,FOOD AND KINDRED PRODUCTS,22.0
NHIC.D,,,,,,10.0
CCIV,,,,,,10.0
LI,2020-07-30,,,6596,,11.5
ALVR,2020-07-30,CAMBRIDGE,MA,110,"BIOLOGICAL PRODUCTS, (NO DISGNOSTIC SUBSTANCES)",17.0
VERX,2020-07-29,KING OF PRUSSIA,PA,1200,SERVICES-PREPACKAGED SOFTWARE,19.0
ACEV,2020-09-17,WILMINGTON,DE,4,SEMICONDUCTORS & RELATED DEVICES,10.0
NRIX,2020-07-24,SAN FRANCISCO,CA,242,PHARMACEUTICAL PREPARATIONS,19.0
INZY,2020-07-24,BOSTON,MA,38,PHARMACEUTICAL PREPARATIONS,16.0
ITOS,2020-07-24,CAMBRIDGE,MA,74,"BIOLOGICAL PRODUCTS, (NO DISGNOSTIC SUBSTANCES)",19.0
ACND,,,,,,10.0
GRCY,2020-08-28,PUDONG DISTRICT,F4,4,BLANK CHECKS,10.0
ANNX,2020-07-24,SOUTH SAN FRANCISCO,CA,62,PHARMACEUTICAL PREPARATIONS,17.0
EDTK,2020-07-23,,,50,,5.0
MEG,2020-07-23,IRVINE,CA,2300,SERVICES-MANAGEMENT CONSULTING SERVICES,15.0
ERES,2020-09-14,BOCA RATON,FL,6,BLANK CHECKS,10.0
PSTH,2020-09-11,NEW YORK,NY,4,BLANK CHECKS,20.0
JAMF,2020-07-22,MINNEAPOLIS,MN,1496,SERVICES-PREPACKAGED SOFTWARE,26.0
PSAC,,,,,,10.0
BLI,2020-07-17,EMERYVILLE,CA,85,LABORATORY ANALYTICAL INSTRUMENTS,22.0
DFHT,,,,,,10.0
RNLX,2020-07-17,,,53,,13.5
PAND,,,,,,18.0
ALXO,2020-07-17,SOUTH SAN FRANCISCO,CA,32,PHARMACEUTICAL PREPARATIONS,19.0
TIG,2020-07-16,WAYZATA,MN,334,"FIRE, MARINE & CASUALTY INSURANCE",15.0
RLAY,2020-07-16,CAMBRIDGE,MA,159,"BIOLOGICAL PRODUCTS, (NO DISGNOSTIC SUBSTANCES)",20.0
DEH,,,,,,10.0
HPX,2020-09-07,WILMINGTON,DE,1,BLANK CHECKS,10.0
GOCO,2020-07-15,CHICAGO,IL,3067,"INSURANCE AGENTS, BROKERS & SERVICE",21.0
MLAC,2020-08-06,TORTOLA,E9,2,BLANK CHECKS,10.0
AACQ,,,,,,10.0
NCNO,2020-07-14,,,1115,,31.0
PTK,,,,,,10.0
NKTX,2020-07-10,SOUTH SAN FRANCISCO,CA,133,PHARMACEUTICAL PREPARATIONS,18.0
QH,2020-07-10,,,708,,10.0
IVA,2020-07-10,,,94,,14.4
PSTX,2020-07-10,SAN DIEGO,CA,254,"BIOLOGICAL PRODUCTS, (NO DISGNOSTIC SUBSTANCES)",16.0
BLCT,2020-07-08,,,755,,16.0
TXAC,,,,,,10.0
RACA,,,,,,10.0
CPSR,,,,,,10.0
LMND,2020-07-02,NEW YORK,NY,567,"FIRE, MARINE & CASUALTY INSURANCE",29.0
ACCD,2020-07-02,PLYMOUTH MEETING,PA,2350,"SERVICES-BUSINESS SERVICES, NEC",22.0
PANA.D,,,,,,10.0
DNB,2020-07-01,SHORT HILLS,NJ,4039,"SERVICES-CONSUMER CREDIT REPORTING, COLLECTION AGENCIES",22.0
ADTX,2020-06-30,RICHMOND,VA,43,PHARMACEUTICAL PREPARATIONS,9.0
GSAH,,,,,,10.0
FUSN,2020-06-26,HAMILTON,A6,61,"BIOLOGICAL PRODUCTS, (NO DISGNOSTIC SUBSTANCES)",17.0
PYPD,2020-06-26,,,69,,16.0
KCAC.D,,,,,,10.0
EBON,2020-06-26,,,205,,5.23
API,2020-06-26,,,842,,20.0
ACI,2020-06-26,BOISE,ID,300000,RETAIL-GROCERY STORES,16.0
AKUS,2020-06-26,BOSTON,MA,69,PHARMACEUTICAL PREPARATIONS,17.0
FUSE,,,,,,10.0
BRLI,2020-07-22,SHANGHAI,F4,1,BLANK CHECKS,10.0
FMTX,2020-06-19,WATERTOWN,MA,156,"BIOLOGICAL PRODUCTS, (NO DISGNOSTIC SUBSTANCES)",20.0
GTH,2020-06-19,,,799,,16.0
NUZE,2012-09-14,PLANO,TX,30,RETAIL-MISCELLANEOUS RETAIL,9.0
PROG,2020-06-19,SAN DIEGO,CA,265,SERVICES-MEDICAL LABORATORIES,15.0
RPTX,2020-06-19,ST-LAURENT,A8,134,PHARMACEUTICAL PREPARATIONS,20.0
TREB,,,,,,10.0
RPRX,2020-06-16,NEW YORK,NY,51,PHARMACEUTICAL PREPARATIONS,28.0
RNA,2020-06-12,LA JOLLA,CA,82,PHARMACEUTICAL PREPARATIONS,18.0
GBIO,2020-06-12,CAMBRIDGE,MA,100,PHARMACEUTICAL PREPARATIONS,19.0
BNR,2020-06-12,,,938,,16.5
PCVX,2020-06-12,FOSTER CITY,CA,58,"BIOLOGICAL PRODUCTS, (NO DISGNOSTIC SUBSTANCES)",16.0
AZEK,2020-06-12,CHICAGO,IL,2072,"PLASTICS PRODUCTS, NEC",23.0
LTRN,2020-06-11,DALLAS,TX,15,PHARMACEUTICAL PREPARATIONS,15.0
UCL,2020-06-10,,,578,,18.0
VRM,2020-06-09,NEW YORK,NY,944,RETAIL-AUTO DEALERS & GASOLINE STATIONS,22.0
CALT,2020-06-05,,,54,,19.5
ARYB,,,,,,10.0
FOUR,2020-06-05,ALLENTOWN,PA,1311,"SERVICES-BUSINESS SERVICES, NEC",23.0
MCAC,,,,,,10.0
LEGN,2020-06-05,,,900,,23.0
DADA,2020-06-05,,,2440,,16.0
AMTI,2020-06-05,SOUTH SAN FRANCISCO,CA,113,PHARMACEUTICAL PREPARATIONS,14.0
ZI,2020-06-04,VANCOUVER,WA,1747,SERVICES-PREPACKAGED SOFTWARE,21.0
PLRX,2020-06-03,SOUTH SAN FRANCISCO,CA,78,PHARMACEUTICAL PREPARATIONS,16.0
WMG,2020-06-03,NEW YORK,NY,5900,SERVICES-AMUSEMENT & RECREATION SERVICES,25.0
WPF,,,,,,10.0
NARI,2020-05-22,IRVINE,CA,456,SURGICAL & MEDICAL INSTRUMENTS & APPARATUS,19.0
SLQT,2020-05-21,OVERLAND PARK,KS,3300,"INSURANCE AGENTS, BROKERS & SERVICE",20.0
LGVW,,,,,,10.0
BMRG,,,,,,10.0
NOVS.D,,,,,,10.0
ADCT,2020-05-15,,,208,,19.0
GIK,,,,,,10.0
JWS,,,,,,10.0
CLEU,2020-05-08,,,41,,6.0
KC,2020-05-08,,,2166,,17.0
AYLA,2020-05-08,WILMINGTON,DE,31,"BIOLOGICAL PRODUCTS, (NO DISGNOSTIC SUBSTANCES)",15.0
LOAK,,,,,,10.0
SOAC,,,,,,10.0
GAN,2020-05-05,IRVINE,CA,246,"SERVICES-COMPUTER PROGRAMMING, DATA PROCESSING, ETC.",8.5
ROCH,,,,,,10.0
CGRO,,,,,,10.0
LYRA,2020-05-01,WATERTOWN,MA,54,SURGICAL & MEDICAL INSTRUMENTS & APPARATUS,16.0
FVAC,,,,,,10.0
IPOB,,,,,,10.0
CHAQ,,,,,,10.0
ORIC,2020-04-24,SOUTH SAN FRANCISCO,CA,74,PHARMACEUTICAL PREPARATIONS,16.0
PCPL,,,,,,10.0
IPOC,,,,,,10.0
KROS,2020-04-08,LEXINGTON,MA,45,PHARMACEUTICAL PREPARATIONS,16.0
ZNTL,2020-04-03,NEW YORK,NY,124,PHARMACEUTICAL PREPARATIONS,18.0
WIMI,2020-04-01,,,202,,5.5
IMRA,2020-03-12,BOSTON,MA,27,PHARMACEUTICAL PREPARATIONS,16.0
DFPH,,,,,,10.0
LSAC.D,,,,,,10.0
FEAC,,,,,,10.0
GFL,2020-03-03,,,17000,,19.0
PASG,2020-02-28,PHILADELPHIA,PA,74,"BIOLOGICAL PRODUCTS, (NO DISGNOSTIC SUBSTANCES)",18.0
ZCMD,2020-02-24,,,91,,4.0
DMYT,,,,,,10.0
ESSC,2020-03-17,BURLINGTON,MA,2,"SERVICES-COMPUTER PROGRAMMING, DATA PROCESSING, ETC.",10.0
CCXX,,,,,,10.0
NBAC,,,,,,10.0
RVMD,2020-02-13,REDWOOD CITY,CA,162,"BIOLOGICAL PRODUCTS, (NO DISGNOSTIC SUBSTANCES)",17.0
ZGYH,,,,,,10.0
MEDS,2008-02-22,LAND O' LAKES,FL,43,"WHOLESALE-DRUGS, PROPRIETARIES & DRUGGISTS' SUNDRIES",6.5
GRIL,2020-02-13,LEAGUE CITY,TX,,RETAIL-EATING & DRINKING PLACES,5.0
HUIZ,2020-02-12,,,1314,,10.5
GNRS,,,,,,10.0
CCAC,2020-04-02,CHAOYANG DISTRICT,F4,2,MOTOR VEHICLE PARTS & ACCESSORIES,10.0
PFHD,2015-04-02,CORAL GABLES,FL,135,NATIONAL COMMERCIAL BANKS,18.5
NREF,2020-02-07,DALLAS,TX,,REAL ESTATE INVESTMENT TRUSTS,19.0
ONEW,2020-02-07,BUFORD,GA,1785,RETAIL-AUTO & HOME SUPPLY STORES,12.0
PPD,,,,,,27.0
CSPR,,,,,,12.0
SDGR,2020-02-06,NEW YORK,NY,452,PHARMACEUTICAL PREPARATIONS,17.0
BEAM,2020-02-06,CAMBRIDGE,MA,182,"BIOLOGICAL PRODUCTS, (NO DISGNOSTIC SUBSTANCES)",17.0
REYN,2020-01-31,LAKE FOREST,IL,5450,"PLASTICS, FOIL & COATED PAPER BAGS",26.0
ONEM,2020-01-31,San Francisco,CA,2940,SERVICES-OFFICES & CLINICS OF DOCTORS OF MEDICINE,14.0
ARQT,2020-01-31,WESTLAKE VILLAGE,CA,143,PHARMACEUTICAL PREPARATIONS,17.0
ANPC,2020-01-13,,,86,,12.0
BDTX,2020-01-30,CAMBRIDGE,MA,73,"BIOLOGICAL PRODUCTS, (NO DISGNOSTIC SUBSTANCES)",19.0
ANVS,2020-01-29,BERWYN,PA,2,PHARMACEUTICAL PREPARATIONS,6.0
SCVX,2020-03-16,WASHINGTON,DC,3,"SPECIAL INDUSTRY MACHINERY, NEC",10.0
GHIV,,,,,,10.0
VEL,2020-01-17,WESTLAKE VILLAGE,CA,175,FINANCE SERVICES,13.0
IMAB,2020-01-17,,,228,,14.0
LIZI,2020-01-17,,,658,,11.0
DNK,,,,,,13.5
GMFI,,,,,,10.0
WTMA,2022-01-20,,,,,10.0
AOGO,,,,,,10.0
NXGL,2021-12-22,LANGHORNE,PA,10,SURGICAL & MEDICAL INSTRUMENTS & APPARATUS,5.5
GDNR,2022-01-13,,,,,10.0
NVAC,2022-01-24,,,,,10.0
LSPR,,,,,,10.0
SAGA,,,,,,10.0
APCA,,,,,,10.0
RCAC,,,,,,10.0
BNOX,2021-12-16,,,,,15.45
CFFS,,,,,,10.0
SHAP,,,,,,10.0
IMMX,2021-12-16,,,2,,5.0
EMLD,,,,,,10.0
SANG,2021-11-18,,,570,,22.68
ADRT,,,,,,10.0
IOT,2021-12-15,,,1490,,23.0
IVCP,,,,,,10.0
PRLH,,,,,,10.0
EVE,,,,,,10.0
IVCB,,,,,,10.0
BFAC,,,,,,10.0
AHRN,,,,,,10.0
GNTA,2021-12-15,,,4,,11.5
SIDU,2021-12-14,,,35,,5.0
KACL,2022-01-20,,,,,10.0
VINE,2021-12-14,,,12,,10.0
BRKH,2022-01-31,,,,,10.0
ALSA,2022-01-18,,,,,10.0
TCOA,2022-01-31,,,,,10.0
ATEK,2022-01-28,NEW YORK,NY,,BLANK CHECKS,10.0
FXCO,2022-01-10,,,,,10.0
FRBN,2022-02-01,GRAND CAYMAN,E9,,BLANK CHECKS,10.0
XPDB,2022-01-31,,,,,10.0
GFGD,2022-01-31,,,,,10.0
PORT,2022-01-31,,,,,10.0
HAIA,2022-01-31,,,,,10.0
TGAA,2022-01-31,GRAND CAYMAN,E9,,BLANK CHECKS,10.0
NU,2021-12-09,,,5403,,9.0
NRSN,2021-12-09,,,3,,6.0
WEL,2022-01-18,,,,,10.0
RJAC,2022-01-31,,,,,10.0
SCUA,2022-01-31,,,,,10.0
IGTA,2022-01-21,,,,,10.0
HORI,2022-01-31,,,,,10.0
GGAA,2022-01-31,,,,,10.0
HCP,2021-12-09,,,1650,,80.0
REFI,2021-12-08,,,,,16.0
CING,2021-12-08,,,13,,6.0
GLLI,2021-12-22,NEW YORK,NY,,BLANK CHECKS,10.0
JWAC,2022-01-07,,,,,10.0
MTVC,2022-01-27,NEW YORK,NY,,BLANK CHECKS,10.0
DAOO,2022-01-12,MIAMI,FL,,BLANK CHECKS,10.0
APXI,2022-01-27,,,,,10.0
BOCN,2022-01-24,,,,,10.0
BIOS,2022-01-24,,,,,10.0
STET,2022-01-24,,,,,10.0
BPAC,2022-01-24,,,,,10.0
UTAA,2022-01-24,NEW YORK,NY,,BLANK CHECKS,10.0
GEEX,2022-01-24,,,,,10.0
ROC,2021-12-29,,,,,10.0
CMCA,2022-01-21,,,,,10.0
ROCL,2022-01-05,,,,,10.0
PACI,2022-01-21,,,,,10.0
TLGY,2022-01-21,,,,,10.0
CNGL,2022-01-20,,,,,10.0
MNTN,2022-01-14,,,,,10.0
BRD,2022-01-14,,,,,10.0
AERC,2021-11-24,PALM BEACH GARDENS,FL,5,INDUSTRIAL & COMMERCIAL FANS & BLOWERS & AIR PURIFING EQUIP,10.0
MAAQ,2022-01-14,,,,,10.0
VHNA,2022-01-13,,,,,10.0
LGTO,2021-12-22,NEW YORK,NY,,BLANK CHECKS,10.0
LAX,2021-12-14,SINGAPORE,U0,,BLANK CHECKS,10.0
AHI,2021-11-19,,,,,10.5
ALOR,2022-01-10,,,,,10.0
FINW,2021-11-19,,,113,,10.5
CREC,2022-01-10,,,,,10.0
NFNT,2022-01-10,,,,,10.0
LITM,2021-11-19,,,,,7.5
ZING,2022-01-10,,,,,10.0
IFIN,2022-01-10,,,,,10.0
BLEU,2022-01-10,,,,,10.0
ARIZ,2021-12-09,,,,,10.0
SG,2021-11-18,,,5396,,28.0
SEV,2021-11-17,,,230,,15.0
SGII,2021-11-30,NEW YORK CITY,NY,,BLANK CHECKS,10.0
BRZE,2021-11-17,NEW YORK,NY,870,SERVICES-PREPACKAGED SOFTWARE,65.0
NETC,2022-01-07,,,,,10.0
USER,2021-11-17,,,705,,14.0
IREN,2021-11-17,,,39,,28.0
LFAC,2022-01-07,,,,,10.0
SUAC,2022-01-10,KENNESAW,GA,,BLANK CHECKS,10.0
ENCP,2022-01-10,WILAYAHPERSEKUTUANKUALA LUMPUR,N8,,BLANK CHECKS,10.0
MCAG,2021-12-02,NEW YORK,NY,,BLANK CHECKS,10.0
MYNA,2021-11-12,,,186,,17.48
IRRX,2022-01-03,WINTER PARK,FL,,BLANK CHECKS,10.0
DERM,2021-11-12,SCOTTSDALE,AZ,82,PHARMACEUTICAL PREPARATIONS,10.0
BTBD,2020-06-18,WEST FARGO,ND,107,RETAIL-EATING PLACES,5.0
PIK,2021-11-11,NEW YORK,NY,33,RETAIL-CATALOG & MAIL-ORDER HOUSES,8.5
WBEV,2021-11-11,"LOS ANGELES,",CA,97,RETAIL-MISCELLANEOUS RETAIL,13.0
VAXX,2021-11-11,DALLAS,TX,75,PHARMACEUTICAL PREPARATIONS,13.0
LGVC,2021-12-30,WEST HOLLYWOOD,CA,,BLANK CHECKS,10.0
BEAT,2021-11-11,SANTA CLARA,CA,,SURGICAL & MEDICAL INSTRUMENTS & APPARATUS,6.0
LVLU,2021-11-11,CHICO,CA,744,RETAIL-CATALOG & MAIL-ORDER HOUSES,16.0
VMGA,2022-01-03,,,,,10.0
WEAV,2021-11-11,LEHI,UT,907,SERVICES-PREPACKAGED SOFTWARE,24.0
TIVC,2021-11-11,,,8,,5.0
BLZE,2021-11-11,SAN MATEO,CA,243,SERVICES-PREPACKAGED SOFTWARE,16.0
BJDX,2021-11-10,ACTON,MA,6,SURGICAL & MEDICAL INSTRUMENTS & APPARATUS,10.0
CINT,2021-11-10,,,5398,,15.0
ACDI,2021-12-31,NEW YORK,NY,,BLANK CHECKS,10.0
RIVN,2021-11-10,IRVINE,CA,9195,MOTOR VEHICLES & PASSENGER CAR BODIES,78.0
CBRG,2021-12-31,BURLINGAME,CA,,BLANK CHECKS,10.0
RCFA,2021-12-31,,,,,10.0
BCSA,2021-12-31,GRAND CAYMAN,E9,,BLANK CHECKS,10.0
AFAC,2021-12-31,NEW YORK,NY,,BLANK CHECKS,10.0
EXFY,2021-11-10,PORTLAND,OR,142,SERVICES-PREPACKAGED SOFTWARE,27.0
APN,2021-12-30,BOSTON,MA,,BLANK CHECKS,10.0
TCBX,2021-11-09,HUMBLE,TX,313,"SAVINGS INSTITUTIONS, NOT FEDERALLY CHARTERED",25.0
GVCI,2021-12-30,SAN FRANCISCO,CA,,BLANK CHECKS,10.0
SOPA,2021-11-09,NEWPORT COAST,CA,,"SERVICES-BUSINESS SERVICES, NEC",9.0
HTAQ,2021-12-30,190 ELGIN AVENUE,E9,,BLANK CHECKS,10.0
STRN,2021-11-09,QUINCY,MA,67,SERVICES-ADVERTISING AGENCIES,4.15
DPCS,2021-12-30,BOSTON,MA,,BLANK CHECKS,10.0
OLIT,2022-01-24,MIAMI BEACH,FL,,BLANK CHECKS,10.0
CIAN,2021-11-05,,,756,,16.0
RRAC,2021-12-27,,,,,10.0
RGF,2021-11-05,CHERRY HILL,NJ,260,FOOD AND KINDRED PRODUCTS,12.0
IOBT,2021-11-05,COPENHAGEN,G7,19,PHARMACEUTICAL PREPARATIONS,14.0
NPAB,2021-12-27,AUSTIN,TX,,BLANK CHECKS,10.0
SVNA,2021-12-23,STAMFORD,CT,,BLANK CHECKS,10.0
MCAA,2021-12-27,GRAND CAYMAN,E9,,BLANK CHECKS,10.0
IQMD,2021-12-27,BETHESDA,MD,,BLANK CHECKS,10.0
MYNZ,2021-11-05,,,22,,5.0
DHAC,2021-12-30,,,,,10.0
NRDS,2021-11-04,,,675,,18.0
CNDB,2021-12-27,NEW YORK,NY,,BLANK CHECKS,10.0
JUN,2021-12-23,,,,,10.0
TOAC,2021-12-30,,,,,10.0
LGST,2022-01-03,NEW YORK,NY,,BLANK CHECKS,10.0
LION,2021-12-07,MIAMI,FL,,BLANK CHECKS,10.0
SZZL,2022-02-01,WASHINGTON,DC,,BLANK CHECKS,10.0
EVO,2008-05-05,,,4081,,26.16
FNVT,2021-12-08,WILMINGTON,DE,,BLANK CHECKS,10.0
MDXH,2021-11-04,,,177,,13.46
ARHS,2021-11-04,BOSTON HEIGHTS,OH,1540,RETAIL-FURNITURE STORES,13.0
CDRE,2021-11-04,JACKSONVILLE,FL,2382,"ORTHOPEDIC, PROSTHETIC & SURGICAL APPLIANCES & SUPPLIES",13.0
SHCA,2021-12-27,AUSTIN,TX,,BLANK CHECKS,10.0
MPRA,2021-12-27,,,,,10.0
FRLA,2021-12-27,,,3,,10.0
INTE,2021-12-16,NEW YORK,NY,,BLANK CHECKS,10.0
TGVC,2021-11-22,SAN FRANCISCO,CA,,BLANK CHECKS,10.0
CMTG,2021-11-03,NEW YORK,NY,,REAL ESTATE,18.65
MLAI,2021-12-23,IRVINE,CA,,BLANK CHECKS,10.0
TRAQ,2021-12-27,NEW YORK,NY,,BLANK CHECKS,10.0
BIRD,2021-11-03,SAN FRANCISCO,CA,275,APPAREL & OTHER FINISHD PRODS OF FABRICS & SIMILAR MATL,15.0
ONYX,2021-12-10,NEW YORK,NY,,BLANK CHECKS,10.0
LIBY,2021-12-27,MIAMI,FL,,BLANK CHECKS,10.0
VSAC,2021-12-23,MIAMI,FL,,BLANK CHECKS,10.0
LIAN,2021-11-01,PRINCETON,NJ,87,PHARMACEUTICAL PREPARATIONS,16.0
SONX,2021-10-29,Laguna Hills,CA,203,DENTAL EQUIPMENT & SUPPLIES,12.0
HRT,2021-10-29,NASHVILLE,TN,2447,"SERVICES-BUSINESS SERVICES, NEC",19.0
SEDA,2021-12-20,GRAND CAYMAN,E9,,BLANK CHECKS,10.0
AURA,2021-10-29,CAMBRIDGE,MA,42,"BIOLOGICAL PRODUCTS, (NO DISGNOSTIC SUBSTANCES)",14.0
UDMY,2021-10-29,SAN FRANCISCO,CA,1131,SERVICES-EDUCATIONAL SERVICES,29.0
AEAE,2021-12-13,ROWAYTON,CT,,BLANK CHECKS,10.0
BFRI,2021-10-29,WOBURN,MA,56,PHARMACEUTICAL PREPARATIONS,5.0
AIRS,2021-10-29,MIAMI BEACH,FL,260,SERVICES-OFFICES & CLINICS OF DOCTORS OF MEDICINE,11.0
TRDA,2021-10-29,BOSTON,MA,98,PHARMACEUTICAL PREPARATIONS,20.0
CCTS,2021-12-30,CRANBURY,NJ,,BLANK CHECKS,10.0
ARCK,2021-12-20,UNIONDALE,NY,,BLANK CHECKS,10.0
PEGR,2021-12-20,REDWOOD CITY,CA,,BLANK CHECKS,10.0
DTC,2021-10-28,SOUTHLAKE,TX,250,"SPORTING & ATHLETIC GOODS, NEC",17.0
FIAC,2021-12-20,WILMINGTON,DE,,BLANK CHECKS,10.0
FLNC,2021-10-28,ARLINGTON,VA,450,"MISCELLANEOUS ELECTRICAL MACHINERY, EQUIPMENT & SUPPLIES",28.0
ADAL,2021-12-27,NEW YORK,NY,,BLANK CHECKS,10.0
PCCT,2021-12-20,GRAND CAYMAN,E9,,BLANK CHECKS,10.0
SCMA,2021-12-20,NEW YORK CITY,NY,,BLANK CHECKS,10.0
GFS,2021-10-28,,,15000,,47.0
IOAC,2022-01-03,DANA POINT,CA,,BLANK CHECKS,10.0
DMAQ,2021-12-02,PLANTATION,FL,,BLANK CHECKS,10.0
INFA,2021-10-27,REDWOOD CITY,CA,5249,SERVICES-PREPACKAGED SOFTWARE,29.0
OHAA,2021-12-20,NEW YORK,NY,,BLANK CHECKS,10.0
AIP,2021-10-27,CAMPBELL,CA,218,SEMICONDUCTORS & RELATED DEVICES,14.0
PHYT,2021-12-17,HOUSTON,TX,,BLANK CHECKS,10.0
RENT,2021-10-27,BROOKLYN,NY,974,"RETAIL-RETAIL STORES, NEC",21.0
USCT,2021-12-17,EL SEGUNDO,CA,,BLANK CHECKS,10.0
LVAC,2021-12-17,WALTHAM,MA,,BLANK CHECKS,10.0
MRAI,2021-10-27,TAMPA,FL,131,"SERVICES-MISC HEALTH & ALLIED SERVICES, NEC",4.0
ICNC,2021-12-13,LONDON,X0,,BLANK CHECKS,10.0
MBSC,2021-12-13,NEW YORK,NY,,BLANK CHECKS,10.0
ARIS,2021-10-22,HOUSTON,TX,141,"OIL & GAS FIELD SERVICES, NEC",13.0
UTRS,2021-10-22,SANTA CLARA,CA,139,SURGICAL & MEDICAL INSTRUMENTS & APPARATUS,12.0
XLO,2021-10-22,WALTHAM,MA,69,PHARMACEUTICAL PREPARATIONS,16.0
PGSS,2021-12-13,GREENWICH,CT,,BLANK CHECKS,10.0
COCO,2021-10-21,NEW YORK,NY,265,BEVERAGES,15.0
ENFN,2021-10-21,CHICAGO,IL,798,SERVICES-PREPACKAGED SOFTWARE,17.0
XFIN,2021-12-13,SAN FRANCISCO,CA,,BLANK CHECKS,10.0
GOGN,2021-12-13,HOUSTON,TX,,BLANK CHECKS,10.0
PTLO,2021-10-21,OAK BROOK,IL,,RETAIL-EATING PLACES,20.0
NHIC,2021-12-13,HOUSTON,TX,,BLANK CHECKS,10.0
THAC,2021-12-08,NEWTON,MA,,BLANK CHECKS,10.0
PX,2021-10-21,DALLAS,TX,154,INVESTMENT ADVICE,12.0
VTYX,2021-10-21,ENCINITAS,CA,23,PHARMACEUTICAL PREPARATIONS,16.0
ENER,2021-12-01,DENVER,CO,,BLANK CHECKS,10.0
RWAY,2021-10-21,CHICAGO,IL,,,14.6
GTAC,2021-12-13,NEW YORK,NY,,BLANK CHECKS,10.0
ESAC,2021-12-13,DALLAS,TX,,BLANK CHECKS,10.0
NCAC,2021-12-10,OAKLAND,CA,,BLANK CHECKS,10.0
WWAC,2021-12-10,OREM,UT,,BLANK CHECKS,10.0
CNTX,2021-10-20,PHILADELPHIA,PA,2,PHARMACEUTICAL PREPARATIONS,5.0
CYN,2021-10-20,MENLO PARK,CA,33,SERVICES-COMPUTER PROGRAMMING SERVICES,7.5
SDIG,2021-10-20,NEW YORK,NY,50,SERVICES-COMPUTER PROCESSING & DATA PREPARATION,19.0
AXH,2021-12-10,MIAMI,FL,,BLANK CHECKS,10.0
ACAQ,2021-12-10,NEW YORK,NY,,BLANK CHECKS,10.0
FEXD,2022-01-11,COLLEGEVILLE,PA,,BLANK CHECKS,10.0
BMAQ,2021-11-03,HERMOSA BEACH,CA,,BLANK CHECKS,10.0
ENTF,2021-12-09,PALO ALTO,CA,,BLANK CHECKS,10.0
SMAP,2021-11-16,HOUSTON,TX,,BLANK CHECKS,10.0
INKT,2021-10-15,NEW YORK,NY,31,"BIOLOGICAL PRODUCTS, (NO DISGNOSTIC SUBSTANCES)",12.0
AVHI,2021-11-17,CLARK,NJ,,BLANK CHECKS,10.0
FNA,2021-10-15,ENGLEWOOD,CO,295,SURGICAL & MEDICAL INSTRUMENTS & APPARATUS,16.0
SANB,2021-11-09,PALO ALTO,CA,,BLANK CHECKS,10.0
FOUN,2021-12-06,ROCKVILLE,MD,,BLANK CHECKS,10.0
PEPL,2021-12-09,SAN FRANCISCO,CA,,BLANK CHECKS,10.0
CDAQ,2021-12-06,GRAND CAYMAN,E9,,BLANK CHECKS,10.0
BMAC,2021-11-12,FORT WORTH,TX,2,BLANK CHECKS,10.0
ROSE,2021-12-06,ATLANTA,GA,,BLANK CHECKS,10.0
IHS,2021-10-14,,,2113,,21.0
TRIS,2021-12-06,ATLANTA,GA,,BLANK CHECKS,10.0
LUCD,2021-10-14,NEW YORK,NY,,SURGICAL & MEDICAL INSTRUMENTS & APPARATUS,14.0
GTLB,2021-10-14,SAN FRANCISCO,CA,,SERVICES-PREPACKAGED SOFTWARE,77.0
AVDX,2021-10-13,CHARLOTTE,NC,1500,SERVICES-PREPACKAGED SOFTWARE,25.0
FATP,2021-12-03,SINGAPORE,U0,,BLANK CHECKS,10.0
HCTI,2021-10-13,PLEASANTON,CA,69,SERVICES-COMPUTER INTEGRATED SYSTEMS DESIGN,4.0
GIAC,2021-11-09,TEL AVIV,L3,,BLANK CHECKS,10.0
SAMA,2021-11-29,RYE BROOK,NY,4,BLANK CHECKS,10.0
ISO,2021-10-08,BRANFORD,CT,386,LABORATORY ANALYTICAL INSTRUMENTS,15.0
LCW,2021-11-29,LOS ANGELES,CA,,BLANK CHECKS,10.0
HWKZ,2021-11-29,NEW YORK,NY,,BLANK CHECKS,10.0
JMAC,2021-11-26,TAIPEI CITY,F5,,BLANK CHECKS,10.0
CGTX,2021-10-08,PITTSBURGH,PA,22,"BIOLOGICAL PRODUCTS, (NO DISGNOSTIC SUBSTANCES)",12.0
IXAQ,2021-11-29,LONDON,X0,,BLANK CHECKS,10.0
TCN,2013-09-13,,,639,,12.4
LTH,2021-10-07,CHANHASSEN,MN,30000,SERVICES-MEMBERSHIP SPORTS & RECREATION CLUBS,18.0
THRX,2021-10-07,CAMBRIDGE,MA,16,PHARMACEUTICAL PREPARATIONS,16.0
VLCN,2021-10-06,ROUND ROCK,TX,34,MOTOR VEHICLES & PASSENGER CAR BODIES,5.5
PCX,2021-12-14,LEWISVILLE,TX,,BLANK CHECKS,10.0
PBAX,2021-11-26,PHILADELPHIA,PA,,BLANK CHECKS,10.0
NFYS,2021-11-26,NEW YORK,NY,,BLANK CHECKS,10.0
AVAC,2021-12-03,SAN FRANCISCO,CA,4,BLANK CHECKS,10.0
NVEI,2020-10-27,,,869,,123.14
RNER,2022-01-03,NEW YORK,NY,,BLANK CHECKS,10.0
BHAC,2021-11-26,FORT LAUDERDALE,FL,,BLANK CHECKS,10.0
PYXS,2021-10-08,CAMBRIDGE,MA,45,PHARMACEUTICAL PREPARATIONS,16.0
GATE,2021-11-22,GREENWICH,CT,,BLANK CHECKS,10.0
EXAI,2021-10-01,,,208,,22.0
TDCX,2021-10-01,,,13308,,18.0
MTRY,2021-11-22,NEW YORK,NY,,BLANK CHECKS,10.0
FWRG,2021-10-01,BRADENTON,FL,8000,RETAIL-EATING PLACES,18.0
DMYS,2021-11-22,LAS VEGAS,NV,,BLANK CHECKS,10.0
ARTE,2021-11-22,PHOENIX,AZ,,BLANK CHECKS,10.0
OLPX,2021-09-30,SANTA BARBARA,CA,82,"PERFUMES, COSMETICS & OTHER TOILET PREPARATIONS",21.0
HPLT,2021-11-22,NEW YORK,NY,,BLANK CHECKS,10.0
HCVI,2021-11-19,WILSON,WY,,BLANK CHECKS,10.0
WRBY,2021-09-29,NEW YORK,NY,2759,OPHTHALMIC GOODS,40.0
MEKA,2021-09-29,MIAMI,FL,,BLANK CHECKS,10.0
AMPL,2021-09-28,SAN FRANCISCO,CA,490,SERVICES-PREPACKAGED SOFTWARE,35.0
BACA,2021-11-18,NEW YORK,NY,,BLANK CHECKS,10.0
PRBM,2021-10-26,SANTA CRUZ,CA,,BLANK CHECKS,10.0
DSAQ,2021-11-12,PLANO,TX,,BLANK CHECKS,10.0
GIA,2021-11-04,PALO ALTO,CA,,BLANK CHECKS,10.0
CWAN,2021-09-24,BOISE,ID,1259,SERVICES-PREPACKAGED SOFTWARE,18.0
HLTH,2021-09-24,SAN DIEGO,CA,1290,LABORATORY ANALYTICAL INSTRUMENTS,16.0
BRLT,2021-09-23,SAN FRANCISCO,CA,359,"JEWELRY, SILVERWARE & PLATED WARE",12.0
STER,2021-09-23,NEW YORK,NY,5200,SERVICES-COMPUTER PROCESSING & DATA PREPARATION,23.0
LOCC,2021-11-15,MEMPHIS,TN,,BLANK CHECKS,10.0
ARBK,2021-09-23,,,1,,15.0
ESMT,2021-09-23,BRAINTREE,MA,697,SERVICES-PREPACKAGED SOFTWARE,26.0
RELY,2021-09-23,SEATTLE,WA,1700,"SERVICES-BUSINESS SERVICES, NEC",43.0
SOVO,2021-09-23,LOUISVILLE,CO,615,FOOD AND KINDRED PRODUCTS,12.0
THRN,2021-09-23,SUMMERVILLE,SC,456,PHARMACEUTICAL PREPARATIONS,10.0
IPAX,2021-11-12,NEW YORK,NY,,BLANK CHECKS,10.0
ARGU,2021-11-12,NEW YORK,NY,,BLANK CHECKS,10.0
FRSH,2021-09-22,SAN MATEO,CA,4300,SERVICES-PREPACKAGED SOFTWARE,36.0
VBNK,2017-02-10,,,105,,10.0
AKA,2021-09-22,SAN FRANCISCO,CA,1124,RETAIL-CATALOG & MAIL-ORDER HOUSES,11.0
TOST,2021-09-22,BOSTON,MA,,SERVICES-COMPUTER PROCESSING & DATA PREPARATION,40.0
HHGC,2021-11-11,SINGAPORE,U0,,BLANK CHECKS,10.0
ACT,2021-09-16,RALEIGH,NC,500,"INSURANCE AGENTS, BROKERS & SERVICE",19.0
FORG,2021-09-16,SAN FRANCISCO,CA,814,SERVICES-PREPACKAGED SOFTWARE,25.0
FLYA,2021-11-08,NEW YORK,NY,,BLANK CHECKS,10.0
EDNC,2021-11-05,NEW YORK,NY,,BLANK CHECKS,10.0
DICE,2021-09-15,SOUTH SAN FRANCISCO,CA,40,PHARMACEUTICAL PREPARATIONS,17.0
EZFL,2021-09-15,MIAMI,FL,35,RETAIL-AUTO DEALERS & GASOLINE STATIONS,4.0
DH,2021-09-15,FRAMINGHAM,MA,625,SERVICES-PREPACKAGED SOFTWARE,27.0
BROS,2021-09-15,GRANTS PASS,OR,8550,RETAIL-EATING & DRINKING PLACES,23.0
SIER,2021-11-05,LAKE FOREST,IL,,BLANK CHECKS,10.0
WINV,2021-10-04,CAMBRIDGE,MA,,BLANK CHECKS,10.0
ONON,2021-09-15,,,883,,24.0
KTTA,2021-09-15,VENICE,CA,63,PHARMACEUTICAL PREPARATIONS,5.0
TYRA,2021-09-15,CARLSBAD,CA,18,PHARMACEUTICAL PREPARATIONS,16.0
TWKS,2021-09-15,CHICAGO,IL,,SERVICES-COMPUTER PROGRAMMING SERVICES,21.0
PRCT,2021-09-15,REDWOOD CITY,CA,205,SURGICAL & MEDICAL INSTRUMENTS & APPARATUS,25.0
AEHA,2021-11-05,NEW YORK,NY,,BLANK CHECKS,10.0
CIIG,2021-11-05,NEW YORK,NY,3,BLANK CHECKS,10.0
PAFO,2021-09-27,NEW YORK,NY,,BLANK CHECKS,10.0
SRAD,2021-09-14,,,2800,,27.0
FLAG,2021-11-01,RESTON,VA,,BLANK CHECKS,10.0
FHLT,2021-12-08,DOVER,DE,,BLANK CHECKS,10.0
BNIX,2021-10-28,WOODCLIFF LAKE,NJ,,BLANK CHECKS,10.0
SLVR,2021-11-01,NEW YORK,NY,,BLANK CHECKS,10.0
BNNR,2021-10-29,LEHI,UT,,BLANK CHECKS,10.0
OXUS,2021-10-06,ALMATY,1P,,BLANK CHECKS,10.0
DWAC,2021-09-30,SAN DIEGO,CA,,BLANK CHECKS,10.0
INAQ,2021-10-25,NEW YORK,NY,,BLANK CHECKS,10.0
DTRT,2021-10-25,SCHERERVILLE,IN,,BLANK CHECKS,10.0
GIPR,2019-01-30,TAMPA,FL,4,REAL ESTATE INVESTMENT TRUSTS,10.0
CNDA,2021-10-22,NEW YORK,NY,,BLANK CHECKS,10.0
REVE,2021-10-21,FOUNTAIN HILLS,AZ,,BLANK CHECKS,10.0
CHWA,2021-09-24,PURCHASE,NY,,BLANK CHECKS,10.0
DDI,2021-08-31,,,223,,18.0
SQL,2021-08-27,WOBURN,MA,8,LABORATORY ANALYTICAL INSTRUMENTS,4.75
RNXT,2021-08-26,SAN JOSE,CA,8,PHARMACEUTICAL PREPARATIONS,9.0
MEOA,2021-10-18,WAXAHACHIE,TX,,BLANK CHECKS,10.0
SWSS,2021-09-23,NEW YORK,NY,,BLANK CHECKS,10.0
CCAI,2021-10-18,SEATTLE,WA,,BLANK CHECKS,10.0
WAVC,2021-10-11,GEORGE TOWN,E9,,BLANK CHECKS,10.0
APMI,2021-10-04,NEW YORK,NY,,BLANK CHECKS,10.0
JAQC,2021-10-01,HOBE SOUND,FL,4,BLANK CHECKS,10.0
DATS,2021-08-13,NEW BRUNSWICK,NJ,6,TELEGRAPH & OTHER MESSAGE COMMUNICATIONS,4.15
AACI,2021-11-10,PHILADELPHIA,PA,,BLANK CHECKS,10.0
DRMA,2021-08-13,SAN DIEGO,CA,7,PHARMACEUTICAL PREPARATIONS,7.0
CENQ,2021-10-04,HOUSTON,TX,,BLANK CHECKS,10.0
KCGI,2021-10-04,WESTBURY,NY,,BLANK CHECKS,10.0
AFTR,2021-10-04,FORT WORTH,TX,,BLANK CHECKS,10.0
PPHP,2021-10-04,SELANGOR,N8,,BLANK CHECKS,10.0
SSBK,2021-08-12,ANNISTON,AL,195,STATE COMMERCIAL BANKS,19.0
OXAC,2021-10-01,"GEORGE TOWN, GRAND CAYMAN",E9,,BLANK CHECKS,10.0
WQGA,2021-10-01,GRAND CAYMAN,E9,,BLANK CHECKS,10.0
TPBA,2021-10-01,SAN FRANCISCO,CA,,BLANK CHECKS,10.0
VCXA,2021-10-01,NEW YORK,NY,,BLANK CHECKS,10.0
DCRD,2021-10-01,MENLO PARK,CA,,BLANK CHECKS,10.0
PONO,2021-10-08,HONOLULU,HI,,BLANK CHECKS,10.0
CNTQ,2021-08-24,NEW YORK,NY,,BLANK CHECKS,10.0
CPAA,2021-09-30,NEW YORK,NY,,BLANK CHECKS,10.0
AHPA,2021-09-30,NEW YORK,NY,,BLANK CHECKS,10.0
ELYM,2021-08-10,REDMOND,WA,28,PHARMACEUTICAL PREPARATIONS,12.5
ASPA,2021-09-03,BEVERLY HILLS,CA,,BLANK CHECKS,10.0
RVAC,2021-09-28,MEMPHIS,TN,,BLANK CHECKS,10.0
NOVV,2021-09-30,SINGAPORE,U0,,BLANK CHECKS,10.0
ADGI,2021-08-06,WALTHAM,MA,75,"BIOLOGICAL PRODUCTS, (NO DISGNOSTIC SUBSTANCES)",17.0
ROCG,2021-08-31,NEWPORT BEACH,CA,,BLANK CHECKS,10.0
WEBR,2021-08-05,"PALATINE,",IL,2534,HOUSEHOLD APPLIANCES,14.0
EWCZ,2021-08-05,PLANO,TX,158,SERVICES-PERSONAL SERVICES,17.0
GLEE,2021-09-27,MCLEAN,VA,6,BLANK CHECKS,10.0
BWC,2021-09-24,GRAND CAYMAN,E9,,BLANK CHECKS,10.0
AMCI,2021-09-24,GREENWICH,CT,3,BLANK CHECKS,10.0
HWEL,2021-09-23,WINNETKA,IL,,BLANK CHECKS,10.0
OMGA,2021-07-30,CAMBRIDGE,MA,65,"BIOLOGICAL PRODUCTS, (NO DISGNOSTIC SUBSTANCES)",17.0
RANI,2021-07-30,SAN JOSE,CA,91,PHARMACEUTICAL PREPARATIONS,11.0
INAB,2021-07-30,NEW YORK,NY,13,"BIOLOGICAL PRODUCTS, (NO DISGNOSTIC SUBSTANCES)",10.0
DOLE,2021-07-30,,,40000,,16.0
RXST,2021-07-30,ALISO VIEJO,CA,171,OPHTHALMIC GOODS,16.0
TNYA,2021-07-30,SOUTH SAN FRANCISCO,CA,100,"BIOLOGICAL PRODUCTS, (NO DISGNOSTIC SUBSTANCES)",15.0
MXCT,2019-12-05,GAITHERSBURG,MD,65,SERVICES-COMMERCIAL PHYSICAL & BIOLOGICAL RESEARCH,13.0
XPAX,2021-09-20,SAO PAULO,D5,,BLANK CHECKS,10.0
IMRX,2021-07-30,CAMBRIDGE,MA,36,PHARMACEUTICAL PREPARATIONS,15.0
SWAG,2021-09-20,LAS VEGAS,NV,,BLANK CHECKS,10.0
IMAQ,2021-08-17,NORTH BRUNSWICK,NJ,,BLANK CHECKS,10.0
ICVX,2021-07-29,SEATTLE,WA,28,"BIOLOGICAL PRODUCTS, (NO DISGNOSTIC SUBSTANCES)",15.0
RLYB,2021-07-29,NEW HAVEN,CT,31,PHARMACEUTICAL PREPARATIONS,13.0
NUVL,2021-07-29,CAMBRIDGE,MA,36,PHARMACEUTICAL PREPARATIONS,17.0
COOK,2021-07-29,SALT LAKE CITY,UT,750,HOUSEHOLD APPLIANCES,18.0
HOOD,2021-07-29,MENLO PARK,CA,3400,"SECURITY BROKERS, DEALERS & FLOTATION COMPANIES",38.0
RSKD,2021-07-29,,,615,,21.0
MTAL,2021-09-20,FORT WORTH,TX,,BLANK CHECKS,10.0
DUOL,2021-07-28,PITTSBURGH,PA,400,SERVICES-PREPACKAGED SOFTWARE,102.0
DALS,2021-07-28,NEW YORK,NY,,BLANK CHECKS,10.0
SNPO,2021-07-28,CHARLOTTE,NC,1302,ELECTRONIC COMPONENTS & ACCESSORIES,18.0
MEAC,2021-09-17,HOUSTON,TX,2,BLANK CHECKS,10.0
MLNK,2021-07-28,COSTA MESA,CA,544,SERVICES-PREPACKAGED SOFTWARE,26.0
PWSC,2021-07-28,FOLSOM,CA,2905,SERVICES-PREPACKAGED SOFTWARE,18.0
APTM,2021-09-17,NEW YORK,NY,,BLANK CHECKS,10.0
ALPA,2021-09-16,NEW YORK,NY,2,BLANK CHECKS,10.0
CADL,2021-07-27,NEEDHAM,MA,50,"BIOLOGICAL PRODUCTS, (NO DISGNOSTIC SUBSTANCES)",8.0
WRAC,2021-09-16,WESTPORT,CT,,BLANK CHECKS,10.0
SOPH,2021-07-23,,,462,,18.0
CNM,2021-07-23,ST. LOUIS,MO,3700,"WHOLESALE-DURABLE GOODS, NEC",20.0
GAMB,2021-07-23,,,145,,8.0
XPOF,2021-07-23,IRVINE,CA,600,SERVICES-MISCELLANEOUS AMUSEMENT & RECREATION,12.0
USCB,2021-07-23,,,,,10.0
CRBU,2021-07-23,BERKELEY,CA,76,"BIOLOGICAL PRODUCTS, (NO DISGNOSTIC SUBSTANCES)",16.0
OB,2021-07-23,NEW YORK,NY,863,"SERVICES-COMPUTER PROGRAMMING, DATA PROCESSING, ETC.",20.0
BLNG,2021-09-13,BROOKLINE,MA,2,BLANK CHECKS,10.0
CTKB,2021-07-23,FREMONT,CA,462,LABORATORY ANALYTICAL INSTRUMENTS,17.0
RYAN,2021-07-22,CHICAGO,IL,3427,"INSURANCE AGENTS, BROKERS & SERVICE",23.5
BASE,2021-07-22,SANTA CLARA,CA,644,SERVICES-PREPACKAGED SOFTWARE,24.0
ABSI,2021-07-22,VANCOUVER,WA,169,SERVICES-COMMERCIAL PHYSICAL & BIOLOGICAL RESEARCH,16.0
INST,2021-07-22,SALT LAKE CITY,UT,1110,SERVICES-PREPACKAGED SOFTWARE,20.0
ZVIA,2021-07-22,ENCINO,CA,15,BOTTLED & CANNED SOFT DRINKS & CARBONATED WATERS,14.0
ZENV,2021-07-22,,,491,,13.0
VTEX,2021-07-21,,,1486,,19.0
LAW,2021-07-21,AUSTIN,TX,336,SERVICES-PREPACKAGED SOFTWARE,32.0
PFTA,2021-09-10,TORONTO,A6,,BLANK CHECKS,10.0
PYCR,2021-07-21,CINCINNATI,OH,,SERVICES-PREPACKAGED SOFTWARE,23.0
VEEE,2021-07-21,FT. PIERCE,FL,115,SHIP & BOAT BUILDING & REPAIRING,6.0
KLTR,2021-07-21,NEW YORK,NY,408,SERVICES-PREPACKAGED SOFTWARE,10.0
CLOE,2021-09-09,MIAMI,FL,,BLANK CHECKS,10.0
CLAY,2021-08-10,NEW YORK,NY,,BLANK CHECKS,10.0
HCWB,2021-07-20,MIRAMAR,FL,40,PHARMACEUTICAL PREPARATIONS,8.0
TRTL,2021-09-09,LEAWOOD,KS,,BLANK CHECKS,10.0
BRDG,2021-07-16,SALT LAKE CITY,UT,1650,INVESTMENT ADVICE,16.0
ERAS,2021-07-16,SAN DIEGO,CA,102,PHARMACEUTICAL PREPARATIONS,16.0
STVN,2021-07-16,,,4344,,21.0
TCRX,2021-07-16,WALTHAM,MA,95,"BIOLOGICAL PRODUCTS, (NO DISGNOSTIC SUBSTANCES)",15.0
BLND,2021-07-16,SAN FRANCISCO,CA,577,"SERVICES-COMPUTER PROGRAMMING, DATA PROCESSING, ETC.",18.0
IMGO,2021-07-16,SOUTH SAN FRANCISCO,CA,20,PHARMACEUTICAL PREPARATIONS,16.0
TWCB,2021-09-08,SAN FRANCISCO,CA,,BLANK CHECKS,10.0
BSAQ,2021-09-07,HONG KONG,K3,,BLANK CHECKS,10.0
RGC,2021-07-16,,,8,,9.5
APAC,2021-09-07,SOUTHLAKE,TX,,BLANK CHECKS,10.0
RPID,2021-07-15,LOWELL,MA,160,LABORATORY ANALYTICAL INSTRUMENTS,20.0
SERA,2021-07-15,SALT LAKE CITY,UT,76,SERVICES-MEDICAL LABORATORIES,16.0
FXLV,2021-07-15,EL SEGUNDO,CA,122,WHOLESALE-PROFESSIONAL & COMMERCIAL EQUIPMENT & SUPPLIES,16.0
PECO,2016-01-22,CINCINNATI,OH,300,REAL ESTATE INVESTMENT TRUSTS,28.0
CLAQ,2021-08-04,GREENWICH,CT,,BLANK CHECKS,10.0
SGHT,2021-07-15,MENLO PARK,CA,184,SURGICAL & MEDICAL INSTRUMENTS & APPARATUS,24.0
MCG,2021-07-15,NEW YORK,NY,4815,HOTELS & MOTELS,14.0
UPTD,2021-09-07,NEW YORK,NY,3,BLANK CHECKS,10.0
JATT,2021-09-03,"GRAND CAYMAN,",E9,,BLANK CHECKS,10.0
IINN,2021-07-14,,,15,,5.51
ARYE,2021-07-13,NEW YORK,NY,,BLANK CHECKS,10.0
UNCY,2021-07-13,LOS ALTOS,CA,1,PHARMACEUTICAL PREPARATIONS,5.0
GWII,2021-08-23,HOUSTON,TX,,BLANK CHECKS,10.0
ACRO,2021-08-30,NEW YORK,NY,,BLANK CHECKS,10.0
GLTA,2021-08-11,WASHINGTON,DC,,BLANK CHECKS,10.0
RNAZ,2021-07-09,BOSTON,MA,6,PHARMACEUTICAL PREPARATIONS,4.0
SNTG,2021-07-09,,,29,,5.0
AGRI,2021-07-08,VANCOUVER,A1,9,PREFABRICATED METAL BUILDINGS & COMPONENTS,5.0
MITQ,2021-07-08,FOUNTAIN VALLEY,CA,18,PHOTOGRAPHIC EQUIPMENT & SUPPLIES,3.0
RICO,2021-08-30,GRAND CAYMAN KY1,E9,,BLANK CHECKS,10.0
ALCC,2021-07-08,NEW YORK,NY,,BLANK CHECKS,10.0
NYXH,2021-03-05,,,,,30.0
ABOS,2021-07-01,CHARLOTTESVILLE,VA,7,"BIOLOGICAL PRODUCTS, (NO DISGNOSTIC SUBSTANCES)",16.0
FICV,2021-08-23,GRAND CAYMAN,E9,,BLANK CHECKS,10.0
CURV,2021-07-01,CITY OF INDUSTRY,CA,7308,RETAIL-APPAREL & ACCESSORY STORES,21.0
GGGV,2021-08-17,BOSTON,MA,,BLANK CHECKS,10.0
DNUT,2021-07-01,CHARLOTTE,NC,21000,RETAIL-FOOD STORES,17.0
DRAY,2021-08-19,WOODSIDE,CA,,BLANK CHECKS,10.0
WAVE,2021-07-01,,,15,,8.0
EVCM,2021-07-01,DENVER,CO,1750,SERVICES-PREPACKAGED SOFTWARE,17.0
HEPS,2021-07-01,,,2747,,12.0
VRAR,2021-07-01,NEW YORK,NY,65,SERVICES-COMPUTER PROGRAMMING SERVICES,7.0
CORS,2021-08-23,NEW YORK,NY,3,BLANK CHECKS,10.0
S,2021-06-30,MOUNTAIN VIEW,CA,1080,SERVICES-PREPACKAGED SOFTWARE,35.0
IAS,2021-06-30,NEW YORK,NY,651,"SERVICES-COMPUTER PROGRAMMING, DATA PROCESSING, ETC.",18.0
SHQA,2021-08-20,QUOGUE,NY,,BLANK CHECKS,10.0
DNAA,2021-06-30,HENDERSON,NV,,BLANK CHECKS,10.0
XMTR,2021-06-30,DERWOOD,MD,380,"SERVICES-BUSINESS SERVICES, NEC",44.0
DNAD,2021-06-30,HENDERSON,NV,,BLANK CHECKS,10.0
CPOP,2021-06-30,,,40,,6.0
DNAC,2021-06-30,HENDERSON,NV,,BLANK CHECKS,10.0
THCP,2021-08-20,GREAT FALLS,VA,,BLANK CHECKS,10.0
MCAF,2021-07-28,NEW YORK,NY,,BLANK CHECKS,10.0
DIDI,2021-06-30,,,15914,,14.0
DNAB,2021-06-30,HENDERSON,NV,,BLANK CHECKS,10.0
AVTE,2021-06-30,BOSTON,MA,8,PHARMACEUTICAL PREPARATIONS,14.0
CVRX,2021-06-30,MINNEAPOLIS,MN,63,SURGICAL & MEDICAL INSTRUMENTS & APPARATUS,18.0
LZ,2021-06-30,GLENDALE,CA,1055,SERVICES-COMPUTER PROCESSING & DATA PREPARATION,28.0
YOU,2021-06-30,NEW YORK,NY,1646,SERVICES-PREPACKAGED SOFTWARE,31.0
INTA,2021-06-30,PALO ALTO,CA,749,SERVICES-PREPACKAGED SOFTWARE,26.0
GOBI,2021-06-29,HONG KONG,K3,,BLANK CHECKS,10.0
DDL,2021-06-29,,,3098,,23.5
EOCW,2021-08-19,WEST PALM BEACH,FL,,BLANK CHECKS,10.0
MF,2021-06-25,,,1429,,13.0
GHRS,2021-06-25,,,8,,16.0
GRPH,2021-06-25,SOUTH SAN FRANCISCO,CA,27,"BIOLOGICAL PRODUCTS, (NO DISGNOSTIC SUBSTANCES)",17.0
GMVD,2017-10-26,,,,,5.0
MCW,2021-06-25,TUCSON,AZ,6392,"SERVICES-AUTOMOTIVE REPAIR, SERVICES & PARKING",15.0
TKNO,2021-06-25,HOLLISTER,CA,194,IN VITRO & IN VIVO DIAGNOSTIC SUBSTANCES,16.0
ACXP,2021-06-25,STATEN ISLAND,NY,3,PHARMACEUTICAL PREPARATIONS,6.0
ELEV,2021-06-25,NEW YORK,NY,17,"BIOLOGICAL PRODUCTS, (NO DISGNOSTIC SUBSTANCES)",16.0
GLUE,2021-06-24,BOSTON,MA,94,"BIOLOGICAL PRODUCTS, (NO DISGNOSTIC SUBSTANCES)",19.0
CFLT,2021-06-24,MOUNTAIN VIEW,CA,1473,SERVICES-PREPACKAGED SOFTWARE,36.0
GRVI,2021-06-24,HENDERSON,NV,122,MEDICINAL CHEMICALS & BOTANICAL PRODUCTS,5.0
MIRO,2021-06-24,EDEN PRAIRIE,MN,36,"BIOLOGICAL PRODUCTS, (NO DISGNOSTIC SUBSTANCES)",9.0
FTVI,2021-08-16,PHILADELPHIA,PA,,BLANK CHECKS,10.0
BON,2021-06-24,,,93,,5.0
BHG,2021-06-24,MINNEAPOLIS,MN,2056,HOSPITAL & MEDICAL SERVICE PLANS,18.0
DOCS,2021-06-24,SAN FRANCISCO,CA,713,SERVICES-COMPUTER PROGRAMMING SERVICES,26.0
NLIT,2021-08-18,NEW YORK,NY,,BLANK CHECKS,10.0
MITA,2021-08-13,NEW YORK,NY,,BLANK CHECKS,10.0
FA,2021-06-23,ATLANTA,GA,4200,"SERVICES-BUSINESS SERVICES, NEC",15.0
CXM,2021-06-23,NEW YORK,NY,2469,SERVICES-PREPACKAGED SOFTWARE,16.0
GPCO,2021-07-30,NEW YORK,NY,,"SERVICES-COMPUTER PROGRAMMING, DATA PROCESSING, ETC.",10.0
YMM,2021-06-22,,,4059,,19.0
FEMY,2021-06-18,SUWANEE,GA,27,SURGICAL & MEDICAL INSTRUMENTS & APPARATUS,13.0
JUGG,2021-08-09,MIAMI BEACH,FL,,BLANK CHECKS,10.0
CYT,2021-06-18,LEXINGTON,MA,31,PHARMACEUTICAL PREPARATIONS,18.0
DNAY,2021-06-18,SAN DIEGO,CA,133,LABORATORY ANALYTICAL INSTRUMENTS,16.0
IPSC,2021-06-18,PHILADELPHIA,PA,121,"BIOLOGICAL PRODUCTS, (NO DISGNOSTIC SUBSTANCES)",20.0
TRMR,2021-06-18,,,722,,19.0
RERE,2021-06-18,,,2281,,14.0
AMAM,2021-06-18,,,70,,18.0
ATAI,2021-06-18,NEW YORK,NY,35,PHARMACEUTICAL PREPARATIONS,15.0
VERV,2021-06-17,CAMBRIDGE,MA,70,PHARMACEUTICAL PREPARATIONS,19.0
AOMR,2021-06-17,ATLANTA,GA,850,REAL ESTATE,19.0
TRON,2021-08-09,PALO ALTO,CA,,BLANK CHECKS,10.0
LYEL,2021-06-17,SOUTH SAN FRANCISCO,CA,190,PHARMACEUTICAL PREPARATIONS,17.0
ISPC,2021-06-17,LEXINGTON,MA,46,SERVICES-COMMERCIAL PHYSICAL & BIOLOGICAL RESEARCH,8.0
CNVY,2021-06-16,FT. LAUDERDALE,FL,3195,"SERVICES-MISC HEALTH & ALLIED SERVICES, NEC",14.0
ZT,2021-08-06,NEW YORK,NY,,BLANK CHECKS,10.0
RONI,2021-08-06,CARNEGIE,PA,,BLANK CHECKS,10.0
WKME,2021-06-16,,,940,,31.0
MOLN,2021-06-16,,,158,,21.25
ALZN,2021-06-15,TAMPA,FL,7,PHARMACEUTICAL PREPARATIONS,5.0
DILA,2021-08-04,MIAMI,FL,,BLANK CHECKS,10.0
GSQB,2021-08-05,CHICAGO,IL,,BLANK CHECKS,10.0
HCNE,2021-08-02,MIAMI,FL,,BLANK CHECKS,10.0
JANX,2021-06-11,SAN DIEGO,CA,28,PHARMACEUTICAL PREPARATIONS,17.0
LAAA,2021-07-22,SHANGHAI,F4,,BLANK CHECKS,10.0
BZ,2021-06-11,,,3388,,19.0
LITT,2021-08-02,ATLANTA,GA,,BLANK CHECKS,10.0
TASK,2021-06-11,NEW BRAUNFELS,TX,27500,SERVICES-COMPUTER PROCESSING & DATA PREPARATION,23.0
BSGA,2021-07-28,CENTRAL,K3,,BLANK CHECKS,10.0
MNDY,2021-06-10,,,799,,155.0
LFST,2021-06-10,SCOTTSDALE,AZ,4915,SERVICES-HEALTH SERVICES,18.0
ZETA,2021-06-10,NEW YORK,NY,1296,SERVICES-PREPACKAGED SOFTWARE,10.0
DIBS,2021-06-10,NEW YORK,NY,309,RETAIL-CATALOG & MAIL-ORDER HOUSES,20.0
ISAA,2021-06-09,JACKSON,WY,,BLANK CHECKS,10.0
SMIH,2021-07-30,GRAND CAYMAN,E9,,BLANK CHECKS,10.0
MQ,2021-06-09,OAKLAND,CA,696,SERVICES-PREPACKAGED SOFTWARE,27.0
CLBR,2021-07-06,PALM BEACH,FL,,BLANK CHECKS,10.0
GACQ,2021-07-30,MARIETTA,NY,1,BLANK CHECKS,10.0
ZME,2021-06-08,,,18522,,11.5
SPK,2021-07-23,SHANGHAI,F4,,BLANK CHECKS,10.0
DLO,2021-06-03,,,532,,21.0
OTEC,2021-07-19,NEW YORK,NY,,BLANK CHECKS,10.0
CNTA,2021-05-28,"BABRAHAM, CAMBRIDGE",X0,,PHARMACEUTICAL PREPARATIONS,20.0
DAWN,2021-05-27,SOUTH SAN FRANCISCO,CA,42,PHARMACEUTICAL PREPARATIONS,16.0
FIGS,2021-05-27,SANTA MONICA,CA,202,APPAREL & OTHER FINISHD PRODS OF FABRICS & SIMILAR MATL,22.0
OMIC,2021-05-27,LA JOLLA,CA,200,LABORATORY ANALYTICAL INSTRUMENTS,22.0
ZIP,2021-05-26,SANTA MONICA,CA,772,"SERVICES-COMPUTER PROGRAMMING, DATA PROCESSING, ETC.",18.0
DYNS,2021-05-26,REDWOOD CITY,CA,,BLANK CHECKS,10.0
FLYW,2021-05-26,BOSTON,MA,473,"SERVICES-BUSINESS SERVICES, NEC",24.0
EGGF,2021-07-16,NEW YORK,NY,,BLANK CHECKS,10.0
PAY,2021-05-26,REDMOND,WA,916,"SERVICES-BUSINESS SERVICES, NEC",21.0
PSPC,2021-07-16,ST. LOUIS,MO,,BLANK CHECKS,10.0
FWAC,2021-05-25,GRAND CAYMAN,E9,,BLANK CHECKS,10.0
GFOR,2021-07-12,THE WOODLANDS,TX,,BLANK CHECKS,10.0
PCOR,2021-05-20,CARPINTERIA,CA,2063,SERVICES-PREPACKAGED SOFTWARE,67.0
OTLY,2021-05-20,,,792,,17.0
SKYA,2021-07-09,PROVIDENCE,RI,,BLANK CHECKS,10.0
SQSP,2021-05-19,NEW YORK,NY,1261,SERVICES-PREPACKAGED SOFTWARE,50.0
GIW,2021-07-09,PALO ALTO,CA,,BLANK CHECKS,10.0
RAM,2021-07-09,GRAND CAYMAN,E9,6,BLANK CHECKS,10.0
CPAR,2021-07-14,CAMBRIDGE,MA,,BLANK CHECKS,10.0
POND,2021-07-09,NEW YORK,NY,,BLANK CHECKS,10.0
JZXN,2021-05-18,,,20,,5.0
MCAE,2021-06-17,NEW YORK,NY,,BLANK CHECKS,10.0
EJH,2021-05-14,,,453,,4.5
DBGI,2021-05-14,VERNON,CA,9,RETAIL-APPAREL & ACCESSORY STORES,4.15
ARTA,2021-07-06,GRAND CAYMAN,E9,,BLANK CHECKS,10.0
OSI,2021-07-06,NEW YORK,NY,,BLANK CHECKS,10.0
VERA,2021-05-14,SOUTH SAN FRANCISCO,CA,9,PHARMACEUTICAL PREPARATIONS,11.0
ORIA,2021-07-02,NEW YORK,NY,,BLANK CHECKS,10.0
GLBE,2021-05-12,,,289,,25.0
IPW,2021-05-12,DUARTE,CA,28,"RETAIL-BUILDING MATERIALS, HARDWARE, GARDEN SUPPLY",5.0
SMWB,2021-05-12,,,691,,22.0
FLGC,2021-05-11,,,44,,5.0
OG,2021-05-07,,,796,,7.25
BWMN,2021-05-07,RESTON,VA,750,SERVICES-MANAGEMENT CONSULTING SERVICES,14.0
DKDCA,2021-06-24,,,,,10.0
WDH,2021-05-07,,,4291,,12.0
BRIV,2021-06-28,NEW YORK,NY,,BLANK CHECKS,10.0
TALS,2021-05-07,LOUISVILLE,KY,107,"BIOLOGICAL PRODUCTS, (NO DISGNOSTIC SUBSTANCES)",17.0
ANEB,2021-05-07,LAKEWAY,TX,3,PHARMACEUTICAL PREPARATIONS,7.0
VALN,2021-05-06,,,95,,26.41
HNST,2021-05-05,LOS ANGELES,CA,191,RETAIL-CATALOG & MAIL-ORDER HOUSES,16.0
FSBC,2021-05-05,RANCHO CORDOVA,CA,156,STATE COMMERCIAL BANKS,20.0
MAQC,2021-06-07,MIAMI,FL,,BLANK CHECKS,10.0
ALF,2021-05-04,MIAMI BEACH,DC,21,"SERVICES-COMPUTER PROGRAMMING, DATA PROCESSING, ETC.",4.15
VLAT,2021-06-24,GRAND CAYMAN,E9,,BLANK CHECKS,10.0
HOWL,2021-04-30,CAMBRIDGE,MA,36,PHARMACEUTICAL PREPARATIONS,16.0
VACC,2021-04-30,OXFORD,X0,48,PHARMACEUTICAL PREPARATIONS,17.0
IACC,2021-04-30,HERZLIYA,L3,,BLANK CHECKS,10.0
TUGC,2021-06-21,NEW YORK,NY,,SERVICES-COMPUTER PROCESSING & DATA PREPARATION,10.0
PRVA,2021-04-29,ARLINGTON,VA,559,SERVICES-HEALTH SERVICES,23.0
BSKY,2021-06-18,SEATTLE,WA,,BLANK CHECKS,10.0
EDR,2021-04-29,BEVERLY HILLS,CA,6400,SERVICES-AMUSEMENT & RECREATION SERVICES,24.0
AVAH,2021-04-29,ATLANTA,GA,42000,SERVICES-HOME HEALTH CARE SERVICES,12.0
FTCI,2021-04-28,AUSTIN,TX,216,SEMICONDUCTORS & RELATED DEVICES,13.0
SWIM,2021-04-23,LATHAM,NY,2175,"PLASTICS PRODUCTS, NEC",19.0
RAIN,2021-04-23,NEWARK,CA,17,PHARMACEUTICAL PREPARATIONS,17.0
AGTI,2019-06-06,MINNEAPOLIS,MN,3852,SERVICES-MISCELLANEOUS EQUIPMENT RENTAL & LEASING,14.0
IMPL,2021-04-23,SEATTLE,WA,64,PHARMACEUTICAL PREPARATIONS,15.0
TMCI,2021-04-23,PONTE VEDRA,FL,133,SURGICAL & MEDICAL INSTRUMENTS & APPARATUS,17.0
NPCE,2021-04-22,MOUNTAIN VIEW,CA,165,SURGICAL & MEDICAL INSTRUMENTS & APPARATUS,17.0
ZY,2021-04-22,EMERYVILLE,CA,762,SERVICES-COMMERCIAL PHYSICAL & BIOLOGICAL RESEARCH,31.0
KNBE,2021-04-22,CLEARWATER,FL,1296,"SERVICES-COMPUTER PROGRAMMING, DATA PROCESSING, ETC.",16.0
DV,2021-04-21,NEW YORK,NY,647,"SERVICES-COMPUTER PROGRAMMING, DATA PROCESSING, ETC.",27.0
SKYT,2021-04-21,BLOOMINGTON,MN,500,SEMICONDUCTORS & RELATED DEVICES,14.0
PATH,2021-04-21,NEW YORK,NY,2863,SERVICES-PREPACKAGED SOFTWARE,56.0
TRKA,2021-04-20,LOS ANGELES,CA,101,CABLE & OTHER PAY TELEVISION SERVICES,4.5
IFBD,2021-04-20,,,305,,4.0
AKYA,2021-04-16,MARLBOROUGH,MA,169,LABORATORY ANALYTICAL INSTRUMENTS,20.0
BMEA,2021-04-16,REDWOOD CITY,CA,47,PHARMACEUTICAL PREPARATIONS,17.0
RXRX,2021-04-16,SALT LAKE CITY,UT,218,"BIOLOGICAL PRODUCTS, (NO DISGNOSTIC SUBSTANCES)",18.0
APP,2021-04-15,PALO ALTO,CA,902,"SERVICES-COMPUTER PROGRAMMING, DATA PROCESSING, ETC.",80.0
KRT,2021-04-15,CHINO,X1,638,"PLASTICS PRODUCTS, NEC",16.0
TSP,2021-04-15,SAN DIEGO,CA,1000,SERVICES-COMPUTER INTEGRATED SYSTEMS DESIGN,40.0
AGL,2021-04-15,LONG BEACH,CA,552,"SERVICES-MISC HEALTH & ALLIED SERVICES, NEC",23.0
EBET,2021-04-15,LAS VEGAS,NV,60,SERVICES-AMUSEMENT & RECREATION SERVICES,6.0
YTPG,2021-04-14,FORT WORTH,TX,,BLANK CHECKS,10.0
COIN,2021-04-14,WILMINGTON,DE,2781,FINANCE SERVICES,250.0
ALKT,2021-04-14,PLANO,TX,609,SERVICES-PREPACKAGED SOFTWARE,30.0
TCVA,2021-04-14,MENLO PARK,CA,,BLANK CHECKS,10.0
GLSPT,2021-05-10,,,3,,10.0
VECT,2021-04-09,,,,,17.0
RPHM,2021-04-09,IRVINE,CA,34,PHARMACEUTICAL PREPARATIONS,15.0
TPGS,,,,,,10.0
ADF,,,,,,10.0
TIOA,2021-06-01,BERLIN,2M,2,BLANK CHECKS,10.0
MPAC,2021-06-08,TORTOLA,D8,,BLANK CHECKS,10.0
PANA,2021-04-07,SAN FRANCISCO,CA,5,BLANK CHECKS,10.0
CMLT,,,,,,10.0
ACBA,2021-05-21,HONG KONG,F4,,RETAIL-CATALOG & MAIL-ORDER HOUSES,10.0
UTME,2021-04-06,,,221,,4.0
COMP,2021-04-01,NEW YORK,NY,2702,SERVICES-COMPUTER PROGRAMMING SERVICES,18.0
EM,2021-04-01,,,5100,,8.5
KARO,2021-04-01,,,2999,,47.52
ULCC,2021-04-01,DENVER,CO,5405,"AIR TRANSPORTATION, SCHEDULED",19.0
COUR,2021-03-31,MOUNTAIN VIEW,CA,779,SERVICES-PREPACKAGED SOFTWARE,33.0
MBTC,2021-05-03,LA JOLLA,CA,2,BLANK CHECKS,10.0
ACHL,2021-03-31,,,159,,18.0
TWOA,2021-03-30,SAN FRANCISCO,CA,3,BLANK CHECKS,10.0
EWTX,2021-03-26,BOULDER,CO,30,PHARMACEUTICAL PREPARATIONS,16.0
ALHC,2021-03-26,ORANGE,CA,775,HOSPITAL & MEDICAL SERVICE PLANS,18.0
HYW,2021-03-26,,,2284,,10.0
TDUP,2021-03-26,OAKLAND,CA,1862,RETAIL-CATALOG & MAIL-ORDER HOUSES,14.0
IKNA,2021-03-26,BOSTON,MA,33,"BIOLOGICAL PRODUCTS, (NO DISGNOSTIC SUBSTANCES)",16.0
ZH,2021-03-26,,,1651,,9.5
DSGN,2021-03-26,CARLSBAD,CA,33,PHARMACEUTICAL PREPARATIONS,20.0
MSDA,2021-05-17,NEW YORK,NY,2,BLANK CHECKS,10.0
VZIO,2021-03-25,IRVINE,CA,527,HOUSEHOLD AUDIO & VIDEO EQUIPMENT,21.0
OLK,2021-03-25,,,379,,20.0
LCA,2021-05-17,HOUSTON,TX,5,BLANK CHECKS,10.0
DSEY,2021-03-25,FORT MILL,SC,8600,"SPECIALTY CLEANING, POLISHING AND SANITATION PREPARATIONS",15.0
EEIQ,2021-03-25,,,39,,8.0
CRCT,2021-03-25,SOUTH JORDAN,UT,820,"SPECIAL INDUSTRY MACHINERY, NEC",20.0
SEMR,2021-03-25,BOSTON,MA,980,SERVICES-PREPACKAGED SOFTWARE,14.0
LVTX,2021-03-25,,,31,,15.0
DISA,2021-05-14,AUSTIN,TX,4,BLANK CHECKS,10.0
NGC,2021-05-14,KANSAS CITY,MO,3,BLANK CHECKS,10.0
KVSB,,,,,,10.0
DOCN,2021-03-24,NEW YORK,NY,581,"SERVICES-COMPUTER PROGRAMMING, DATA PROCESSING, ETC.",47.0
ACVA,2021-03-24,BUFFALO,NY,,"SERVICES-BUSINESS SERVICES, NEC",25.0
DCRC,,,,,,10.0
KVSC,2021-03-24,MENLO PARK,CA,3,BLANK CHECKS,10.0
CRZN,2021-05-14,CHICAGO,IL,3,BLANK CHECKS,10.0
OPA,2021-05-14,CENTRAL,K3,3,BLANK CHECKS,10.0
RKTA,2021-05-13,GRAND CAYMAN,E9,2,BLANK CHECKS,10.0
ACTD,2021-05-13,BOSTON,MA,3,BLANK CHECKS,10.0
LEGA,2021-05-13,NEW YORK,NY,3,BLANK CHECKS,10.0
VGII,2021-05-13,NEW YORK,NY,2,BLANK CHECKS,10.0
MOVE,2021-03-23,PLEASANTON,CA,15,ELECTROMEDICAL & ELECTROTHERAPEUTIC APPARATUS,5.0
NGCA,,,,,,10.0
GGPI,2021-05-13,BOULDER,CO,3,BLANK CHECKS,10.0
TBSA,2021-05-13,GRAND CAYMAN,E9,1,BLANK CHECKS,10.0
STRE,2021-05-13,WASHINGTON,DC,4,BLANK CHECKS,10.0
NBST,2021-04-16,BOSTON,MA,2,BLANK CHECKS,10.0
GLHA,2021-05-13,DALLAS,TX,2,BLANK CHECKS,10.0
DGNU,2021-03-23,SAN FRANCISCO,CA,2,BLANK CHECKS,10.0
UPC,2021-03-23,,,263,,5.0
BYTS,2021-05-10,NEW YORK,NY,2,BLANK CHECKS,10.0
CNTB,2021-03-19,,,62,,17.0
FNCH,2021-03-19,SOMERVILLE,MA,191,"BIOLOGICAL PRODUCTS, (NO DISGNOSTIC SUBSTANCES)",17.0
GGMC,2021-05-11,NEW YORK,NY,5,BLANK CHECKS,10.0
LDHA,2021-05-10,MIAMI,FL,5,BLANK CHECKS,10.0
LVRA,2021-05-10,GRAND CAYMAN,E9,3,BLANK CHECKS,10.0
LGV,2021-05-10,NEW YORK,NY,3,SURGICAL & MEDICAL INSTRUMENTS & APPARATUS,10.0
AFCG,2021-03-19,WEST PALM BEACH,FL,,REAL ESTATE,19.0
TIL,2021-03-19,DALLAS,TX,382,"BIOLOGICAL PRODUCTS, (NO DISGNOSTIC SUBSTANCES)",20.0
AFAQ,2021-05-18,PALM BEACH,FL,3,BLANK CHECKS,10.0
REVH,2021-05-10,CAMBRIDGE,MA,4,BLANK CHECKS,10.0
VEI,,,,,,14.0
FMIV,2021-05-13,DELRAY BEACH,FL,2,BLANK CHECKS,10.0
GXII,2021-05-10,NEW YORK,NY,6,BLANK CHECKS,10.0
AMAO,2021-04-29,FISHERS,IN,2,BLANK CHECKS,10.0
TUYA,2021-03-18,,,2258,,21.0
AAQC,2021-05-10,SHORT HILLS,NJ,3,BLANK CHECKS,10.0
GANX,2021-03-18,BETHESDA,MD,16,PHARMACEUTICAL PREPARATIONS,11.0
RACB,2021-03-18,LAS VEGAS,NV,3,BLANK CHECKS,10.0
NAPA,2021-03-18,SAINT HELENA,CA,474,BEVERAGES,15.0
JWEL,2021-03-17,,,110,,7.0
GAMC,2021-05-07,NEW YORK,NY,1,BLANK CHECKS,10.0
ATHN,,,,,,10.0
OLO,2021-03-17,NEW YORK,NY,433,"SERVICES-BUSINESS SERVICES, NEC",25.0
TETC,2021-05-07,NEW YORK,NY,4,BLANK CHECKS,10.0
SNCY,2021-03-17,MINNEAPOLIS,MN,1699,"AIR TRANSPORTATION, SCHEDULED",24.0
KSI,2021-05-07,NEW YORK,NY,4,BLANK CHECKS,10.0
BGSX,2021-05-07,AUSTIN,TX,3,BLANK CHECKS,10.0
KAHC,2021-05-07,NEW YORK,NY,1,BLANK CHECKS,10.0
WALD,2021-05-10,WHITE PLAINS,NY,4,BLANK CHECKS,10.0
FZT,2021-05-06,RIDGEFIELD,CT,4,BLANK CHECKS,10.0
EBAC,2021-05-06,AMSTERDAM,P7,2,BLANK CHECKS,10.0
PLMI,2021-05-06,"SAN FRANCISCO,",CA,4,BLANK CHECKS,10.0
RTPY,,,,,,10.0
FVIV,2021-05-06,NEW YORK,NY,4,BLANK CHECKS,10.0
GTPA,2021-05-03,BOULDER,CO,3,BLANK CHECKS,10.0
FTPA,2021-05-03,PHILADELPHIA,PA,2,BLANK CHECKS,10.0
MITC,2021-03-12,,,26,,10.3
RXDX,2021-03-12,SAN DIEGO,CA,36,PHARMACEUTICAL PREPARATIONS,19.0
JOAN,2021-03-12,HUDSON,OH,27500,RETAIL-MISCELLANEOUS SHOPPING GOODS STORES,12.0
HAYW,2021-03-12,BERKELEY HEIGHTS,NJ,2555,REFRIGERATION & SERVICE INDUSTRY MACHINERY,17.0
ROSS,2021-05-03,PALM BEACH,FL,3,BLANK CHECKS,10.0
LBPH,2021-03-12,LA JOLLA,CA,14,PHARMACEUTICAL PREPARATIONS,16.0
SCAQ,2021-05-03,SAN FRANCISCO,CA,2,BLANK CHECKS,10.0
GTPB,2021-05-03,BOULDER,CO,3,BLANK CHECKS,10.0
CFFE,2021-05-03,NEW YORK,NY,3,BLANK CHECKS,10.0
SPKB,2021-05-03,NEW YORK,NY,3,BLANK CHECKS,10.0
PTOC,2021-05-03,AURORA,OH,2,BLANK CHECKS,10.0
GAPA,2021-05-03,NEW YORK,NY,,BLANK CHECKS,10.0
LCAA,2021-05-03,SINGAPORE,U0,3,BLANK CHECKS,10.0
FHS,2021-03-11,,,2413,,10.0
FRON,2021-05-03,NEW YORK,NY,4,BLANK CHECKS,10.0
ATSP,,,,,,10.0
CPNG,2021-03-11,SEOUL,M5,50000,RETAIL-CATALOG & MAIL-ORDER HOUSES,35.0
ESM,2021-04-30,HOUSTON,TX,2,BLANK CHECKS,10.0
VAQC,2021-03-10,SAN FRANCISCO,CA,3,BLANK CHECKS,10.0
FRW,2021-04-30,NEW YORK,NY,1,BLANK CHECKS,10.0
CLAA,2021-04-30,WEST PALM BEACH,FL,1,BLANK CHECKS,10.0
AGGR,2021-04-30,NEWTON,MA,5,BLANK CHECKS,10.0
RBLX,2021-03-10,SAN MATEO,CA,960,SERVICES-PREPACKAGED SOFTWARE,45.0
DTOC,2021-04-30,BELLEVUE,WA,2,BLANK CHECKS,10.0
SBII,2021-04-30,NEW YORK,NY,3,BLANK CHECKS,10.0
FRXB,2021-04-30,NEW YORK,NY,5,BLANK CHECKS,10.0
SVFC,2021-03-09,SAN CARLOS,CA,2,BLANK CHECKS,10.0
PDOT,2021-04-29,HOUSTON,TX,2,BLANK CHECKS,10.0
GROY,2021-03-09,,,7,,5.0
ACQR,2021-04-29,NEW YORK,NY,3,BLANK CHECKS,10.0
SVFB,2021-03-09,SAN CARLOS,CA,2,BLANK CHECKS,10.0
LHAA,2021-03-05,NEW YORK,NY,3,BLANK CHECKS,10.0
TWNT,2021-04-23,NEW YORK,NY,2,BLANK CHECKS,10.0
VPCC,,,,,,10.0
IPVA,2021-04-26,NEW YORK,NY,5,BLANK CHECKS,10.0
VPCB,2021-04-26,GEORGE TOWN,E9,3,BLANK CHECKS,10.0
IPVF,2021-04-26,NEW YORK,NY,4,"SECURITY BROKERS, DEALERS & FLOTATION COMPANIES",10.0
FRSG,2021-04-26,STAMFORD,CT,3,BLANK CHECKS,10.0
DMYQ,,,,,,10.0
ATVC,2021-05-18,SAN FRANCISCO,CA,4,BLANK CHECKS,10.0
WPCB,2021-04-26,NEW YORK,NY,,BLANK CHECKS,10.0
IPVI,2021-04-26,NEW YORK,NY,4,BLANK CHECKS,10.0
WPCA,2021-04-26,NEW YORK,NY,,BLANK CHECKS,10.0
RXRA,2021-04-26,UNIONDALE,NY,3,BLANK CHECKS,10.0
HERA,2021-04-26,QUAKERTOWN,PA,2,BLANK CHECKS,10.0
ACAH,2021-04-26,NEW YORK,NY,5,BLANK CHECKS,10.0
TRCA,2021-04-26,NAPLES,FL,2,BLANK CHECKS,10.0
AURC,2021-04-26,GRAND CAYMAN,E9,6,LOAN BROKERS,10.0
MBAC,2021-04-26,NEW YORK,NY,3,"COMMUNICATIONS SERVICES, NEC",10.0
PSAG,2021-04-09,NEW YORK,NY,2,BLANK CHECKS,10.0
INNV,2021-03-04,DENVER,CO,1800,SERVICES-HEALTH SERVICES,21.0
ATAQ,2021-04-26,NEW YORK,NY,2,BLANK CHECKS,10.0
KVSA,2021-03-04,MENLO PARK,CA,3,PHARMACEUTICAL PREPARATIONS,10.0
MACC,2021-04-23,PHOENIX,AZ,3,BLANK CHECKS,10.0
OSCR,2021-03-03,NEW YORK,NY,1839,HOSPITAL & MEDICAL SERVICE PLANS,39.0
ROCR,2021-03-22,NEWPORT BEACH,CA,5,"WATER, SEWER, PIPELINE, COMM & POWER LINE CONSTRUCTION",10.0
ISOS,,,,,,10.0
NSTD,2021-04-22,NEW YORK,NY,3,BLANK CHECKS,10.0
LOKM,2021-04-22,MEMPHIS,TN,3,BLANK CHECKS,10.0
HYAC,2021-04-22,NEW YORK,NY,4,BLANK CHECKS,10.0
ANZU,2021-04-22,TAMPA,FL,3,BLANK CHECKS,10.0
ARRW,2021-04-22,WESTON,MA,2,BLANK CHECKS,10.0
NDAC,2021-04-22,SAN FRANCISCO,CA,2,BLANK CHECKS,10.0
AMPI,2021-04-22,NEW YORK,NY,3,BLANK CHECKS,10.0
SNII,2021-04-22,WASHINGTON,DC,4,BLANK CHECKS,10.0
OHPA,2021-04-22,NEW YORK,NY,1,BLANK CHECKS,10.0
FTEV,2021-04-22,NEW YORK,NY,2,BLANK CHECKS,10.0
TSPQ,2021-04-22,LOS ANGELES,CA,4,BLANK CHECKS,10.0
DHCA,2021-04-22,SOUTHLAKE,TX,2,BLANK CHECKS,10.0
DHBC,2021-04-22,NEW YORK,NY,3,BLANK CHECKS,10.0
NSTC,2021-04-22,NEW YORK,NY,3,BLANK CHECKS,10.0
GBRG,2021-04-16,"WANCHAI,",K3,3,BLANK CHECKS,10.0
AGAC,2021-03-25,NEW YORK,NY,3,BLANK CHECKS,10.0
SBEA,2021-04-19,AUSTIN,TX,5,BLANK CHECKS,10.0
KCAC.D2,,,,,,10.0
AUS,2021-04-19,LAS VEGAS,NV,5,SERVICES-MISCELLANEOUS AMUSEMENT & RECREATION,10.0
FSNB,2021-04-19,NEW YORK,NY,2,BLANK CHECKS,10.0
ARYD,2021-02-26,NEW YORK,NY,3,"BIOLOGICAL PRODUCTS, (NO DISGNOSTIC SUBSTANCES)",10.0
LIII,,,,,,10.0
WARR,2021-04-19,MIDLAND,TX,1,BLANK CHECKS,10.0
ASZ,2021-04-19,LAS VEGAS,NV,5,BLANK CHECKS,10.0
TWLV,2021-04-19,NEW YORK,NY,2,BLANK CHECKS,10.0
IBER,2021-04-19,PHILADELPHIA,PA,3,BLANK CHECKS,10.0
FACT,2021-04-19,GRAND CAYMAN,E9,1,BLANK CHECKS,10.0
MACQ,,,,,,10.0
HUGS,2021-04-19,NEW YORK,NY,2,BLANK CHECKS,10.0
ISLE,2021-03-29,ST. PETERSBURG,FL,2,BLANK CHECKS,10.0
EJFA,2021-04-19,ARLINGTON,VA,4,BLANK CHECKS,10.0
GIIX,2021-04-19,BOULDER,CO,3,BLANK CHECKS,10.0
SCR,,,,,,27.0
FLME,2021-04-19,HOUSTON,TX,2,BLANK CHECKS,10.0
SRNG,,,,,,10.0
BOAS,2021-04-05,WASHINGTON,DC,4,BLANK CHECKS,10.0
GLBL,2021-04-16,NEW YORK,NY,2,BLANK CHECKS,10.0
HIII,2021-04-16,NEW YORK,NY,2,BLANK CHECKS,10.0
COLI,2021-04-16,KIRKLAND,WA,3,BLANK CHECKS,10.0
ANAC,2021-04-15,DALLAS,TX,1,BLANK CHECKS,10.0
SLAM,2021-04-15,NEW YORK,NY,5,BLANK CHECKS,10.0
CMII,,,,,,10.0
FTAA,2021-04-16,PHILADELPHIA,PA,2,BLANK CHECKS,10.0
GSEV,2021-04-15,BOULDER,CO,3,BLANK CHECKS,10.0
VELO,2021-04-15,RIDGEFIELD,CT,4,RETAIL-CATALOG & MAIL-ORDER HOUSES,10.0
CFVI,2021-04-12,NEW YORK,NY,3,BLANK CHECKS,10.0
BRPM,2021-04-09,NEW YORK,NY,1,SERVICES-ADVERTISING,10.0
SPGS,2021-04-12,INDIANAPOLIS,IN,2,BLANK CHECKS,10.0
FACA,2021-04-12,SAN FRANCISCO,CA,3,BLANK CHECKS,10.0
ASPC,2021-04-12,GRAND CAYMAN,E9,4,BLANK CHECKS,10.0
TWNI,2021-04-09,NEW YORK,NY,3,BLANK CHECKS,10.0
KIII,2021-04-12,NEWARK,DE,1,BLANK CHECKS,10.0
KAII,2021-04-12,NEWARK,DE,1,BLANK CHECKS,10.0
FSRX,2021-04-12,NEW YORK,NY,3,BLANK CHECKS,10.0
VRPX,2021-02-17,WEST CHESTER,PA,2,PHARMACEUTICAL PREPARATIONS,10.0
FSII,,,,,,10.0
NVSA,2021-04-12,CHICAGO,IL,3,BLANK CHECKS,10.0
PFDR,2021-04-09,PALO ALTO,CA,3,SERVICES-PREPACKAGED SOFTWARE,10.0
MACA,2021-04-07,NEW YORK,NY,3,BLANK CHECKS,10.0
AUUD,2021-02-17,BOULDER,CO,11,SERVICES-COMPUTER PROCESSING & DATA PREPARATION,4.13
SPTK,2021-04-09,TULSA,OK,3,BLANK CHECKS,10.0
ABGI,2021-02-17,NEW YORK,NY,2,BLANK CHECKS,10.0
MSAC,2021-04-05,NEW YORK,NY,4,BLANK CHECKS,10.0
CHAA,2021-04-05,KUALA LUMPUR,N8,4,BLANK CHECKS,10.0
SLAC,2021-04-05,SCOTTSDALE,AZ,3,BLANK CHECKS,10.0
TSIB,2021-04-05,NEW YORK,NY,3,BLANK CHECKS,10.0
BITE,2021-04-05,NEW YORK,NY,2,BLANK CHECKS,10.0
LGVN,2021-02-12,MIAMI,FL,12,PHARMACEUTICAL PREPARATIONS,10.0
TLIS,2021-02-12,MENLO PARK,CA,136,LABORATORY ANALYTICAL INSTRUMENTS,16.0
SCLE,2021-04-05,PHILADELPHIA,PA,3,BLANK CHECKS,10.0
RCLF,2021-03-26,NEW YORK,NY,3,BLANK CHECKS,10.0
TCAC,2021-04-05,NEW YORK,NY,3,BLANK CHECKS,10.0
NEXI,2021-02-12,GAITHERSBURG,MD,45,PHARMACEUTICAL PREPARATIONS,17.0
CCVI,2021-04-05,NEW YORK,NY,2,BLANK CHECKS,10.0
CVII,2021-04-05,NEW YORK,NY,2,BLANK CHECKS,10.0
DBTX,2021-02-12,BOSTON,MA,40,PHARMACEUTICAL PREPARATIONS,18.0
BVS,2021-02-11,DURHAM,NC,900,SURGICAL & MEDICAL INSTRUMENTS & APPARATUS,13.0
BMBL,2021-02-11,AUSTIN,TX,700,"SERVICES-COMPUTER PROGRAMMING, DATA PROCESSING, ETC.",43.0
PUCK,2021-03-26,AUSTIN,TX,2,BLANK CHECKS,10.0
SGFY,2021-02-11,NORWALK,CT,2200,SERVICES-HOME HEALTH CARE SERVICES,24.0
APR,2021-02-11,INDIANAPOLIS,IN,6460,SERVICES-HOME HEALTH CARE SERVICES,20.0
IACB,,,,,,10.0
LDI,2021-02-11,FOOTHILL RANCH,CA,11664,FINANCE SERVICES,14.0
SCOB,2021-04-05,LONDON,X0,3,BLANK CHECKS,10.0
BPTS,2021-02-10,,,24,,16.75
FORE,,,,,,10.0
APGB,2021-04-05,GEORGETOWN,E9,2,BLANK CHECKS,10.0
DSP,2021-02-10,IRVINE,CA,289,"SERVICES-COMPUTER PROGRAMMING, DATA PROCESSING, ETC.",25.0
XPDI,,,,,,10.0
VLON,2021-02-10,PHILADELPHIA,PA,2,PHARMACEUTICAL PREPARATIONS,8.0
LGAC,2021-04-05,NEW YORK,NY,3,BLANK CHECKS,10.0
ENNV,2021-04-01,SUMMIT,NJ,7,FABRICATED STRUCTURAL METAL PRODUCTS,10.0
PGRW,2021-03-16,BOSTON,MA,3,BLANK CHECKS,10.0
ADRA,2021-03-24,CHARLOTTE,NC,2,BLANK CHECKS,10.0
CPTK,2021-03-30,GRAND CAYMAN,E9,2,BLANK CHECKS,10.0
SPAQ,2021-04-01,NEW YORK,NY,2,BLANK CHECKS,10.0
PMGM,2021-04-01,FORT LAUDERDALE,FL,4,BLANK CHECKS,10.0
PICC,2021-04-01,NEW YORK,NY,4,BLANK CHECKS,10.0
RAAS,2021-02-09,,,1194,,16.0
VENA,2021-04-13,NEW YORK,NY,2,SERVICES-COMPUTER PROGRAMMING SERVICES,10.0
GIG,,,,,,10.0
EVOJ,2021-04-01,CRYSTAL BAY,NV,3,BLANK CHECKS,10.0
SDH,2021-02-09,,,105,,4.0
ADAG,2021-02-09,,,198,,19.0
BAOS,2021-02-08,,,78,,5.0
SDAC,2021-03-29,LOS ANGELES,CA,2,BLANK CHECKS,10.0
PHVS,2021-02-05,,,21,,20.0
EVAX,2021-02-05,,,35,,10.0
CNEY,2021-02-05,,,161,,4.0
BOLT,2021-02-05,REDWOOD CITY,CA,65,PHARMACEUTICAL PREPARATIONS,20.0
GSQD,2021-03-26,CHICAGO,IL,3,BLANK CHECKS,10.0
ATMR,,,,,,10.0
FWAA,,,,,,10.0
JOFF,2021-03-29,NEW YORK,NY,4,BLANK CHECKS,10.0
CPUH,2021-03-29,WILMINGTON,DE,2,BLANK CHECKS,10.0
IMCR,2021-02-05,,,291,,26.0
TERN,2021-02-05,FOSTER CITY,CA,30,PHARMACEUTICAL PREPARATIONS,17.0
QFTA,2021-03-10,TAMPA,FL,3,BLANK CHECKS,10.0
KURI,,,,,,10.0
ANGN,2021-02-05,UNIONDALE,NY,53,PHARMACEUTICAL PREPARATIONS,16.0
HHLA,2021-03-29,CENTRAL,K3,3,BLANK CHECKS,10.0
VOR,2021-02-05,CAMBRIDGE,MA,122,"BIOLOGICAL PRODUCTS, (NO DISGNOSTIC SUBSTANCES)",18.0
RMGC,2021-03-29,MIAMI BEACH,FL,4,BLANK CHECKS,10.0
COVA,2021-03-30,SAN FRANCISCO,CA,2,BLANK CHECKS,10.0
LHDX,2021-02-05,EMERYVILLE,CA,102,IN VITRO & IN VIVO DIAGNOSTIC SUBSTANCES,17.0
TBCP,2021-03-29,GREAT FALLS,NY,2,BLANK CHECKS,10.0
SNSE,2021-02-04,GAITHERSBURG,MD,32,PHARMACEUTICAL PREPARATIONS,19.0
CENH,,,,,,10.0
ACII,2021-03-29,NEW YORK,NY,2,BLANK CHECKS,10.0
LABP,2021-02-04,BLACKSBURG,VA,33,PHARMACEUTICAL PREPARATIONS,16.0
SANA,2021-02-04,SEATTLE,WA,354,"BIOLOGICAL PRODUCTS, (NO DISGNOSTIC SUBSTANCES)",25.0
NXU,2021-03-29,INDIANAPOLIS,IN,2,"MISCELLANEOUS ELECTRICAL MACHINERY, EQUIPMENT & SUPPLIES",10.0
DCRN,,,,,,10.0
ATC,2021-02-04,,,3862,,17.0
ASAX,2021-03-15,KEY BISCAYNE,FL,2,TRANSPORTATION SERVICES,10.0
ITQ,2021-03-29,NEW YORK,NY,6,BLANK CHECKS,10.0
GHAC,2021-03-26,LAS VEGAS,NV,3,BLANK CHECKS,10.0
PRPC,2021-03-26,NEW YORK,NY,4,BLANK CHECKS,10.0
TIXT,2021-02-03,,,58000,,25.0
KRNL,2021-03-26,SAN FRANCISCO,CA,5,BLANK CHECKS,10.0
TMAC,2021-03-26,HOLLYWOOD,CA,2,BLANK CHECKS,10.0
ONTF,2021-02-03,SAN FRANCISCO,CA,547,SERVICES-PREPACKAGED SOFTWARE,50.0
MDH,2021-03-25,SOUTHLAKE,TX,4,BLANK CHECKS,10.0
THMA,,,,,,10.0
NRAC,2021-03-25,WILMIINGTON,DE,,BLANK CHECKS,10.0
AAC,2021-03-25,NEW YORK,NY,3,BLANK CHECKS,10.0
JWSM,2021-03-26,MIAMI BEACH,FL,3,BLANK CHECKS,10.0
CFV,,,,,,10.0
BLUA,2021-03-22,SAN ANTONIO,TX,3,BLANK CHECKS,10.0
MIT,2021-03-22,NEW YORK,NY,2,BLANK CHECKS,10.0
ZWRK,2021-03-22,NEW YORK,NY,3,BLANK CHECKS,10.0
BCAC,2021-02-22,NEW YORK,NY,3,BLANK CHECKS,10.0
TRIN,2021-01-29,PHOENIX,AZ,39,,14.0
HMPT,2021-01-29,ANN ARBOR,MI,2600,MORTGAGE BANKERS & LOAN CORRESPONDENTS,13.0
GCAC,2021-03-22,NEW YORK,NY,2,MOTOR VEHICLE PARTS & ACCESSORIES,10.0
EQHA,2021-03-22,AUSTIN,TX,2,BLANK CHECKS,10.0
CLRM,2021-03-22,NEW YORK,NY,4,BLANK CHECKS,10.0
NLSP,2021-01-29,,,5,,4.15
IGNY,2021-03-12,NEW YORK,NY,3,BLANK CHECKS,10.0
ITHX,2021-03-19,NEW YORK,NY,2,BLANK CHECKS,10.0
VINP,2021-01-28,,,50,,18.0
TLGA,2021-03-22,WEST PALM BEACH,FL,2,BLANK CHECKS,10.0
AGFY,2021-01-28,BILLERICA,MA,74,,10.0
ZIM,2021-01-28,,,3935,,15.0
XM,2021-01-28,PROVO,UT,3455,SERVICES-PREPACKAGED SOFTWARE,30.0
OCDX,2021-01-28,RARITAN,NJ,4700,IN VITRO & IN VIVO DIAGNOSTIC SUBSTANCES,17.0
CAHC,,,,,,10.0
CLIM,2021-03-19,PRINCETON,NJ,5,BLANK CHECKS,10.0
TIRX,2021-01-27,,,53,,4.0
HCAQ,,,,,,10.0
CSTA,2021-03-19,GRAND CAYMAN,E9,2,BLANK CHECKS,10.0
FSSI,2021-03-19,WHITE PLAINS,NY,5,BLANK CHECKS,10.0
SHLS,2021-01-27,PORTLAND,TN,504,SEMICONDUCTORS & RELATED DEVICES,25.0
BTNB,2021-01-26,HONG KONG,F4,1,BLANK CHECKS,10.0
BIOT,2021-03-18,NEW YORK,NY,4,BLANK CHECKS,10.0
DHHC,2021-03-18,NEW YORK,NY,2,BLANK CHECKS,10.0
NSTB,2021-02-11,NEW YORK,NY,3,"SECURITY BROKERS, DEALERS & FLOTATION COMPANIES",10.0
SSAA,2021-03-18,SANTA MONICA,CA,5,BLANK CHECKS,10.0
LMAO,2021-03-18,TAMPA,FL,2,BLANK CHECKS,10.0
DNZ,2021-03-18,ATLANTA,GA,2,BLANK CHECKS,10.0
EZGO,2021-01-26,,,62,,4.0
HCII,2021-03-18,NEW YORK,NY,2,BLANK CHECKS,10.0
PAX,2021-01-22,,,169,,17.0
LMACA,2021-03-15,,,22,,10.0
RLX,2021-01-22,,,725,,12.0
NAAC,2021-03-15,GEORGE TOWN GRAND CAYMAN,E9,3,BLANK CHECKS,10.0
VOSO,,,,,,10.0
HUDI,2021-01-22,,,382,,8.0
JCIC,2021-03-15,NEW YORK,NY,4,BLANK CHECKS,10.0
MNTK,2021-01-22,PITTSBURGH,PA,115,GAS & OTHER SERVICES COMBINED,8.5
SHAC,2021-03-15,TAMPA,FL,3,BLANK CHECKS,10.0
OEPW,2021-03-15,NEW YORK,NY,2,BLANK CHECKS,10.0
EUSG,,,,,,10.0
PV,2021-03-15,HONG KONG,K3,2,BLANK CHECKS,10.0
DFH,2021-01-21,JACKSONVILLE,FL,542,OPERATIVE BUILDERS,13.0
MYTE,2021-01-21,,,1015,,26.0
LEGO,,,,,,10.0
OSTR,2021-03-12,STAMFORD,CT,3,BLANK CHECKS,10.0
FOXW,2021-02-25,,,1,,10.0
TZPS,2021-03-12,NEW YORK,NY,4,BLANK CHECKS,10.0
GMII,,,,,,10.0
GMBT,2021-03-15,NEW YORK,NY,2,BLANK CHECKS,10.0
CLAS,2021-03-08,SAN DIEGO,CA,3,BLANK CHECKS,10.0
ROT,,,,,,10.0
HCCC,2021-03-08,WILMINGTON,DE,2,BLANK CHECKS,10.0
ADER,2021-03-08,MIAMI,FL,2,BLANK CHECKS,10.0
OCAX,2021-03-08,NEW YORK,NY,2,BLANK CHECKS,10.0
EAC,2021-02-16,NEW YORK,NY,2,BLANK CHECKS,10.0
AEAC,2021-03-08,RYE,NY,3,BLANK CHECKS,10.0
TBA,,,,,,10.0
HCIC,2021-03-08,WILSON,WY,3,BLANK CHECKS,10.0
PLTK,2021-01-15,HERZLIYA PITUARCH,L3,3800,SERVICES-COMPUTER PROCESSING & DATA PREPARATION,27.0
GNAC,2021-03-08,NEW YORK,NY,3,BLANK CHECKS,10.0
DRVN,2021-01-15,CHARLOTTE,NC,6900,"SERVICES-AUTOMOTIVE REPAIR, SERVICES & PARKING",22.0
ENVI,,,,,,10.0
POSH,2021-01-14,REDWOOD CITY,CA,558,RETAIL-CATALOG & MAIL-ORDER HOUSES,42.0
SLCR,2021-03-08,HONG KONG,F4,3,BLANK CHECKS,10.0
MON,2021-03-12,INDIANAPOLIS,IN,5,BLANK CHECKS,10.0
WOOF,2021-01-14,SAN DIEGO,CA,27081,"RETAIL-RETAIL STORES, NEC",18.0
HLAH,2021-03-05,CONSHOHOCKEN,PA,3,BLANK CHECKS,10.0
MSGM,2021-01-13,MIAMI,FL,96,SERVICES-PREPACKAGED SOFTWARE,20.0
PNTM,2021-03-05,NEW YORK,NY,2,BLANK CHECKS,10.0
DLCA,2021-03-05,INCLINE VILLAGE,NV,3,BLANK CHECKS,10.0
FINM,2021-03-05,HERMOSA BEACH,CA,2,BLANK CHECKS,10.0
NGAB,,,,,,10.0
FCAX,2021-03-05,NEW YORK,NY,4,BLANK CHECKS,10.0
AFRM,2021-01-13,SAN FRANCISCO,CA,1876,"SERVICES-BUSINESS SERVICES, NEC",49.0
ENFA,,,,,,10.0
GPAC,2021-03-04,RYE BROOK,NY,2,BLANK CHECKS,10.0
BCYP,,,,,,10.0
SWET,2021-03-05,CAMBRIDGE,MA,2,BLANK CHECKS,10.0
ADEX,2021-03-03,NEW YORK,NY,3,BLANK CHECKS,10.0
KUKE,2021-01-12,,,132,,10.0
QLI,2021-01-12,,,288,,5.0
LJAQ,2021-03-02,MENLO PARK,CA,4,BLANK CHECKS,10.0
PAQC,2021-03-01,HONG KONG,K3,3,BLANK CHECKS,10.0
LWAC,,,,,,10.0
CGEM,2021-01-08,CAMBRIDGE,MA,33,"BIOLOGICAL PRODUCTS, (NO DISGNOSTIC SUBSTANCES)",21.0
GRCL,2021-01-08,,,202,,19.0
POW,2021-03-03,NEW YORK,NY,2,BLANK CHECKS,10.0
TMKR,2021-03-01,NEW YORK,NY,5,BLANK CHECKS,10.0
KLAQ,2021-03-01,NEW YORK,NY,3,BLANK CHECKS,10.0
MCAD,,,,,,10.0
PRSR,2021-03-01,LA JOLLA,CA,2,BLANK CHECKS,10.0
EPHY,2021-03-01,BURLINGAME,CA,3,BLANK CHECKS,10.0
SVFA,2021-01-27,SAN CARLOS,CA,2,BLANK CHECKS,10.0
SWBK,,,,,,10.0
PACX,2021-03-01,NEW YORK,NY,6,FINANCE SERVICES,10.0
LHC,2021-03-01,LOS ANGELES,CA,3,BLANK CHECKS,10.0
GSAQ,2021-03-01,NEW YORK,NY,3,BLANK CHECKS,10.0
EPWR,2021-03-01,NEW YORK,NY,2,BLANK CHECKS,10.0
VTIQ,2021-03-03,MAMARONECK,NY,4,BLANK CHECKS,10.0
IVAN,2021-03-01,NEW YORK,NY,3,"MISCELLANEOUS ELECTRICAL MACHINERY, EQUIPMENT & SUPPLIES",10.0
BLTS,2021-03-01,LOS ANGELES,CA,2,BLANK CHECKS,10.0
OMEG,2021-01-07,BOSTON,MA,3,BLANK CHECKS,10.0
INKA,2021-03-01,PALO ALTO,CA,4,BLANK CHECKS,10.0
AGCB,2021-01-07,MENLO PARK,CA,2,BLANK CHECKS,10.0
VCKA,2021-03-03,NEW YORK,NY,2,BLANK CHECKS,10.0
AKIC,2021-02-26,NEW YORK,NY,3,BLANK CHECKS,10.0
KAIR,2021-02-26,NORWALK,CT,2,BLANK CHECKS,10.0
STPC,,,,,,10.0
PPGH,2021-02-26,GRAND CAYMAN,E9,4,BLANK CHECKS,10.0
BENE,2021-01-28,MIAMI,FL,2,BLANK CHECKS,10.0
CRU,2021-02-25,LOUISVILLE,CO,3,BLANK CHECKS,10.0
FVT,2021-02-25,NEW YORK,NY,4,BLANK CHECKS,10.0
