Ticker,Listed Data,City,State,Number of employees,Industry,IPO Price,Current,Return,Year
MNPR,2019-12-19,WILMETTE,IL,10.0,PHARMACEUTICAL PREPARATIONS,8.0,$2.75 ,-65.63%,2019
SPT,2019-12-13,CHICAGO,IL,700.0,SERVICES-PREPACKAGED SOFTWARE,17.0,$60.96 ,258.59%,2019
BILL,2019-12-12,SAN JOSE,CA,1384.0,SERVICES-PREPACKAGED SOFTWARE,22.0,$170.28 ,674.00%,2019
LMPX,2019-12-05,FORT LAUDERDALE,FL,17.0,RETAIL-AUTO DEALERS & GASOLINE STATIONS,5.0,$7.20 ,44.00%,2019
CHPM,2020-01-10,SUMMIT,NJ,3.0,BLANK CHECKS,10.0,$10.13 ,1.30%,2020
PINE,2019-11-22,DAYTONA BEACH,FL,4.0,REAL ESTATE INVESTMENT TRUSTS,19.0,$19.25 ,1.32%,2019
SITM,2019-11-21,SANTA CLARA,CA,187.0,SEMICONDUCTORS & RELATED DEVICES,13.0,$196.18 ,1409.08%,2019
ETNB,2019-11-11,SAN FRANCISCO,CA,27.0,PHARMACEUTICAL PREPARATIONS,16.0,$5.23 ,-67.31%,2019
TELA,2019-11-08,MALVERN,PA,108.0,SURGICAL & MEDICAL INSTRUMENTS & APPARATUS,13.0,$11.93 ,-8.23%,2019
CNSP,2019-11-08,HOUSTON,TX,5.0,PHARMACEUTICAL PREPARATIONS,4.0,$0.47 ,-88.38%,2019
SI,2019-11-07,LA JOLLA,CA,237.0,STATE COMMERCIAL BANKS,12.0,$102.06 ,750.50%,2019
GRTX,2019-11-07,MALVERN,PA,38.0,PHARMACEUTICAL PREPARATIONS,12.0,$2.30 ,-80.83%,2019
MCMJ,2019-12-12,NEW YORK,NY,2.0,SERVICES-PREPACKAGED SOFTWARE,10.0,$6.43 ,-35.70%,2019
OYST,2019-10-31,PRINCETON,NJ,62.0,"BIOLOGICAL PRODUCTS, (NO DISGNOSTIC SUBSTANCES)",16.0,$10.72 ,-33.00%,2019
RAPT,2019-08-01,SOUTH SAN FRANCISCO,CA,81.0,PHARMACEUTICAL PREPARATIONS,12.0,$19.50 ,62.50%,2019
PHAT,2019-10-25,FLORHAM PARK,NJ,55.0,PHARMACEUTICAL PREPARATIONS,19.0,$16.29 ,-14.26%,2019
TFFP,2019-10-24,AUSTIN,TX,4.0,PHARMACEUTICAL PREPARATIONS,5.0,$5.28 ,5.60%,2019
PGNY,2019-10-25,NEW YORK,NY,210.0,"SERVICES-MISC HEALTH & ALLIED SERVICES, NEC",13.0,$37.12 ,185.54%,2019
CABA,2019-10-25,PHILADELPHIA,PA,47.0,"BIOLOGICAL PRODUCTS, (NO DISGNOSTIC SUBSTANCES)",11.0,$2.88 ,-73.82%,2019
BRP,2019-10-24,TAMPA,FL,1525.0,"INSURANCE AGENTS, BROKERS & SERVICE",14.0,$28.97 ,106.93%,2019
BRBR,2019-10-17,ST. LOUIS,MO,355.0,FOOD AND KINDRED PRODUCTS,14.0,$23.69 ,69.21%,2019
VIR,2019-10-11,SAN FRANCISCO,CA,395.0,"BIOLOGICAL PRODUCTS, (NO DISGNOSTIC SUBSTANCES)",20.0,$33.46 ,67.30%,2019
HBT,2019-10-11,BLOOMINGTON,IL,747.0,STATE COMMERCIAL BANKS,16.0,$19.31 ,20.69%,2019
APRE,2019-10-03,BOSTON,MA,17.0,PHARMACEUTICAL PREPARATIONS,15.0,$2.03 ,-86.47%,2019
FREQ,2019-10-03,LEXINGTON,MA,87.0,PHARMACEUTICAL PREPARATIONS,14.0,$5.05 ,-63.93%,2019
PTON,2019-09-26,NEW YORK,NY,8662.0,"SPORTING & ATHLETIC GOODS, NEC",29.0,$24.25 ,-16.38%,2019
OPRT,2019-09-26,SAN CARLOS,CA,3149.0,FINANCE SERVICES,15.0,$16.91 ,12.73%,2019
XGN,2019-09-19,VISTA,CA,183.0,SERVICES-MEDICAL LABORATORIES,14.0,$8.75 ,-37.50%,2019
PING,2019-09-19,DENVER,CO,1022.0,SERVICES-PREPACKAGED SOFTWARE,15.0,$18.44 ,22.93%,2019
DDOG,2019-09-19,NEW YORK,NY,1085.0,SERVICES-PREPACKAGED SOFTWARE,27.0,$138.02 ,411.19%,2019
IGMS,2019-09-18,MOUNTAIN VIEW,CA,171.0,PHARMACEUTICAL PREPARATIONS,16.0,$17.00 ,6.25%,2019
NVST,2019-09-18,BREA,CA,12400.0,DENTAL EQUIPMENT & SUPPLIES,22.0,$43.18 ,96.27%,2019
SWTX,2019-09-13,STAMFORD,CT,142.0,"BIOLOGICAL PRODUCTS, (NO DISGNOSTIC SUBSTANCES)",18.0,$52.73 ,192.94%,2019
NET,2019-09-13,SAN FRANCISCO,CA,2240.0,SERVICES-PREPACKAGED SOFTWARE,15.0,$96.66 ,544.40%,2019
STSA,2019-09-13,SOUTH SAN FRANCISCO,CA,21.0,PHARMACEUTICAL PREPARATIONS,15.0,$4.89 ,-67.40%,2019
SDC,2019-09-12,NASHVILLE,TN,4000.0,DENTAL EQUIPMENT & SUPPLIES,23.0,$2.45 ,-89.35%,2019
TXG,2019-09-12,PLEASANTON,CA,290.0,LABORATORY ANALYTICAL INSTRUMENTS,39.0,$90.42 ,131.85%,2019
CFB,2019-08-15,LEAWOOD,KS,328.0,STATE COMMERCIAL BANKS,14.5,$15.75 ,8.62%,2019
KRUS,2019-08-01,IRVINE,CA,1800.0,RETAIL-EATING PLACES,14.0,$43.22 ,208.71%,2019
DT,2019-08-01,WALTHAM,MA,2779.0,SERVICES-PREPACKAGED SOFTWARE,16.0,$44.00 ,175.00%,2019
NOVA,2019-07-25,HOUSTON,TX,398.0,ELECTRIC & OTHER SERVICES COMBINED,12.0,$17.18 ,43.17%,2019
HCAT,2019-07-25,SOUTH JORDAN,UT,1000.0,"SERVICES-COMPUTER PROGRAMMING, DATA PROCESSING, ETC.",26.0,$28.01 ,7.73%,2019
CSTL,2019-07-25,FRIENDSWOOD,TX,201.0,SERVICES-MEDICAL LABORATORIES,16.0,$41.70 ,160.63%,2019
IHRT,2019-05-06,SAN ANTONIO,TX,10200.0,RADIO BROADCASTING STATIONS,17.0,$19.31 ,13.59%,2019
FULC,2019-07-18,CAMBRIDGE,MA,73.0,PHARMACEUTICAL PREPARATIONS,16.0,$10.73 ,-32.94%,2019
MIRM,2019-07-18,FOSTER CITY,CA,137.0,PHARMACEUTICAL PREPARATIONS,15.0,$18.71 ,24.73%,2019
AMK,2019-07-18,CONCORD,CA,732.0,INVESTMENT ADVICE,22.0,$23.60 ,7.27%,2019
PHR,2019-07-18,RALEIGH,NC,827.0,"SERVICES-BUSINESS SERVICES, NEC",17.0,$29.22 ,71.88%,2019
THCA,2019-07-30,NEW YORK,NY,2.0,BLANK CHECKS,10.0,$10.24 ,2.40%,2019
RMBI,2019-07-02,RICHMOND,IN,170.0,STATE COMMERCIAL BANKS,10.0,$16.46 ,64.60%,2019
KRTX,2019-06-28,BOSTON,MA,63.0,PHARMACEUTICAL PREPARATIONS,16.0,$105.24 ,557.75%,2019
REAL,2019-06-28,SAN FRANCISCO,CA,2604.0,RETAIL-MISCELLANEOUS RETAIL,20.0,$8.22 ,-58.90%,2019
CHNG,2019-06-27,NASHVILLE,TN,15000.0,SERVICES-COMPUTER PROCESSING & DATA PREPARATION,13.0,$19.11 ,47.00%,2019
BBIO,2019-06-27,PALO ALTO,CA,396.0,PHARMACEUTICAL PREPARATIONS,17.0,$9.81 ,-42.29%,2019
ADPT,2019-06-27,SEATTLE,WA,622.0,"BIOLOGICAL PRODUCTS, (NO DISGNOSTIC SUBSTANCES)",20.0,$15.91 ,-20.45%,2019
MORF,2019-06-27,WALTHAM,MA,101.0,PHARMACEUTICAL PREPARATIONS,15.0,$40.51 ,170.07%,2019
PSNL,2019-06-20,MENLO PARK,CA,235.0,SERVICES-MEDICAL LABORATORIES,17.0,$11.15 ,-34.41%,2019
BCEL,2019-06-20,SAN CARLOS,CA,137.0,PHARMACEUTICAL PREPARATIONS,17.0,$1.83 ,-89.24%,2019
GO,2019-06-20,EMERYVILLE,CA,946.0,RETAIL-GROCERY STORES,22.0,$25.26 ,14.82%,2019
AKRO,2019-06-20,SOUTH SAN FRANCISCO,CA,32.0,PHARMACEUTICAL PREPARATIONS,16.0,$17.39 ,8.69%,2019
STOK,2019-06-19,BEDFORD,MA,79.0,PHARMACEUTICAL PREPARATIONS,18.0,$17.30 ,-3.89%,2019
CHWY,2019-06-14,DANIA BEACH,FL,18500.0,RETAIL-CATALOG & MAIL-ORDER HOUSES,22.0,$43.69 ,98.59%,2019
CRWD,2019-06-12,SUNNYVALE,CA,4543.0,SERVICES-PREPACKAGED SOFTWARE,34.0,$170.63 ,401.85%,2019
RVLV,2019-06-07,CERRITOS,CA,843.0,RETAIL-CATALOG & MAIL-ORDER HOUSES,18.0,$49.57 ,175.39%,2019
IDYA,2019-05-23,SOUTH SAN FRANCISCO,CA,83.0,PHARMACEUTICAL PREPARATIONS,10.0,$15.55 ,55.50%,2019
RTLR,2019-05-23,MIDLAND,TX,676.0,NATURAL GAS TRANSMISSION,17.5,$12.49 ,-28.63%,2019
FSLY,2019-05-17,SAN FRANCISCO,CA,992.0,SERVICES-PREPACKAGED SOFTWARE,16.0,$25.56 ,59.75%,2019
AVTR,2019-05-17,RADNOR,PA,12400.0,LABORATORY ANALYTICAL INSTRUMENTS,14.0,$37.77 ,169.79%,2019
PSTL,2019-05-15,CEDARHURST,NY,25.0,REAL ESTATE INVESTMENT TRUSTS,17.0,$17.85 ,5.00%,2019
APLT,2019-05-13,NEW YORK,NY,27.0,PHARMACEUTICAL PREPARATIONS,10.0,$2.75 ,-72.50%,2019
UBER,2019-05-10,SAN FRANCISCO,CA,24700.0,"SERVICES-BUSINESS SERVICES, NEC",45.0,$34.54 ,-23.24%,2019
SONM,2019-05-10,AUSTIN,TX,263.0,TELEPHONE & TELEGRAPH APPARATUS,11.0,$0.63 ,-94.27%,2019
CRTX,2019-05-09,SOUTH SAN FRANCISCO,CA,38.0,"BIOLOGICAL PRODUCTS, (NO DISGNOSTIC SUBSTANCES)",17.0,$5.63 ,-66.88%,2019
AXLA,2019-05-09,CAMBRIDGE,MA,59.0,"BIOLOGICAL PRODUCTS, (NO DISGNOSTIC SUBSTANCES)",20.0,$1.71 ,-91.45%,2019
SPFI,2019-05-09,LUBBOCK,TX,682.0,STATE COMMERCIAL BANKS,17.5,$28.95 ,65.43%,2019
MEC,2019-05-09,MAYVILLE,WI,2150.0,METAL FORGINGS & STAMPINGS,17.0,$11.19 ,-34.18%,2019
NXTC,2019-05-09,BELTSVILLE,MD,90.0,PHARMACEUTICAL PREPARATIONS,15.0,$5.19 ,-65.40%,2019
PSN,2019-05-08,CENTREVILLE,VA,15500.0,SERVICES-COMPUTER INTEGRATED SYSTEMS DESIGN,27.0,$30.69 ,13.67%,2019
TRVI,2019-05-07,NEW HAVEN,CT,26.0,PHARMACEUTICAL PREPARATIONS,10.0,$0.65 ,-93.55%,2019
RRBI,2019-05-03,ALEXANDRIA,LA,344.0,STATE COMMERCIAL BANKS,45.0,$52.25 ,16.11%,2019
SCPL,2019-05-03,LAS VEGAS,NV,602.0,SERVICES-COMPUTER PROCESSING & DATA PREPARATION,16.0,$12.49 ,-21.94%,2019
BYND,2019-05-02,EL SEGUNDO,CA,700.0,FOOD AND KINDRED PRODUCTS,25.0,$58.01 ,132.04%,2019
TMDX,2019-05-02,ANDOVER,MA,110.0,ELECTROMEDICAL & ELECTROTHERAPEUTIC APPARATUS,16.0,$14.52 ,-9.25%,2019
HOOK,2019-04-18,NEW YORK,NY,136.0,PHARMACEUTICAL PREPARATIONS,14.0,$1.30 ,-90.71%,2019
PINS,2019-04-18,SAN FRANCISCO,CA,3112.0,"SERVICES-COMPUTER PROGRAMMING, DATA PROCESSING, ETC.",19.0,$24.51 ,29.00%,2019
GNLN,2019-04-18,BOCA RATON,FL,264.0,"WHOLESALE-DURABLE GOODS, NEC",17.0,$0.68 ,-95.99%,2019
ZM,2019-04-18,SAN JOSE,CA,6269.0,"SERVICES-COMPUTER PROGRAMMING, DATA PROCESSING, ETC.",36.0,$137.94 ,283.17%,2019
MNRL,2019-04-18,AUSTIN,TX,43.0,CRUDE PETROLEUM & NATURAL GAS,18.0,$22.18 ,23.22%,2019
PLMR,2019-04-17,LA JOLLA,CA,122.0,"FIRE, MARINE & CASUALTY INSURANCE",15.0,$51.75 ,245.00%,2019
TPTX,2019-04-17,SAN DIEGO,CA,237.0,PHARMACEUTICAL PREPARATIONS,18.0,$35.18 ,95.44%,2019
PD,2019-04-11,SAN FRANCISCO,CA,783.0,SERVICES-PREPACKAGED SOFTWARE,24.0,$30.95 ,28.96%,2019
GHSI,2019-04-05,SAN DIEGO,CA,13.0,PHARMACEUTICAL PREPARATIONS,4.0,$0.51 ,-87.22%,2019
SILK,2019-04-04,SUNNYVALE,CA,281.0,SURGICAL & MEDICAL INSTRUMENTS & APPARATUS,20.0,$30.01 ,50.05%,2019
TW,2019-04-04,NEW YORK,NY,961.0,"SECURITY & COMMODITY BROKERS, DEALERS, EXCHANGES & SERVICES",27.0,$83.72 ,210.07%,2019
NGM,2019-04-04,SOUTH SAN FRANCISCO,CA,210.0,PHARMACEUTICAL PREPARATIONS,16.0,$15.05 ,-5.94%,2019
LYFT,2019-03-29,SAN FRANCISCO,CA,4675.0,"SERVICES-BUSINESS SERVICES, NEC",72.0,$36.36 ,-49.50%,2019
DTIL,2019-03-28,DURHAM,NC,226.0,"BIOLOGICAL PRODUCTS, (NO DISGNOSTIC SUBSTANCES)",16.0,$4.36 ,-72.75%,2019
LEVI,2019-03-21,SAN FRANCISCO,CA,16600.0,APPAREL & OTHER FINISHD PRODS OF FABRICS & SIMILAR MATL,17.0,$22.34 ,31.41%,2019
SWAV,2019-03-07,SANTA CLARA,CA,449.0,SURGICAL & MEDICAL INSTRUMENTS & APPARATUS,17.0,$143.94 ,746.71%,2019
KLDO,2019-02-28,BEDFORD,MA,82.0,"BIOLOGICAL PRODUCTS, (NO DISGNOSTIC SUBSTANCES)",15.0,$1.65 ,-89.00%,2019
SLGG,2019-02-26,SANTA MONICA,CA,51.0,SERVICES-AMUSEMENT & RECREATION SERVICES,11.0,$1.91 ,-82.64%,2019
HOTH,2019-02-15,NEW YORK,NY,4.0,PHARMACEUTICAL PREPARATIONS,5.6,$0.58 ,-89.61%,2019
TCRR,2019-02-14,CAMBRIDGE,MA,164.0,"BIOLOGICAL PRODUCTS, (NO DISGNOSTIC SUBSTANCES)",15.0,$2.98 ,-80.13%,2019
IMAC,2019-02-11,BRENTWOOD,TN,139.0,"SERVICES-SPECIALTY OUTPATIENT FACILITIES, NEC",5.13,$1.25 ,-75.61%,2019
GOSS,2019-02-08,SAN DIEGO,CA,196.0,PHARMACEUTICAL PREPARATIONS,16.0,$8.62 ,-46.13%,2019
HARP,2019-02-08,SOUTH SAN FRANCISCO,CA,92.0,"BIOLOGICAL PRODUCTS, (NO DISGNOSTIC SUBSTANCES)",14.0,$4.71 ,-66.36%,2019
ALEC,2019-02-07,SOUTH SAN FRANCISCO,CA,185.0,"BIOLOGICAL PRODUCTS, (NO DISGNOSTIC SUBSTANCES)",19.0,$14.95 ,-21.32%,2019
INMB,2019-02-04,LA JOLLA,CA,5.0,"BIOLOGICAL PRODUCTS, (NO DISGNOSTIC SUBSTANCES)",8.0,$9.72 ,21.50%,2019
NFE,2019-01-31,NEW YORK,NY,231.0,NATURAL GAS DISTRIBUTION,14.0,$21.17 ,51.21%,2019
RBKB,2019-01-17,POUGHKEEPSIE,NY,43.0,"SAVINGS INSTITUTIONS, NOT FEDERALLY CHARTERED",10.0,$11.04 ,10.40%,2019
BCOW,2019-01-09,GREENFIELD,WI,96.0,"SAVINGS INSTITUTIONS, NOT FEDERALLY CHARTERED",10.0,$11.27 ,12.70%,2019
VTAQ,2021-02-05,GREENWICH,CT,4.0,BLANK CHECKS,10.0,10.05,0.50%,2021
CFIV,2021-02-16,NEW YORK,NY,3.0,BLANK CHECKS,10.0,9.76,-2.40%,2021
GBS,2020-12-23,NEW YORK,NY,9.0,SURGICAL & MEDICAL INSTRUMENTS & APPARATUS,17.0,0.9,-94.71%,2020
VHAQ,2021-02-04,NORCROSS,GA,2.0,BLANK CHECKS,10.0,10.06,0.60%,2021
IKT,2020-12-23,ATLANTA,GA,3.0,"BIOLOGICAL PRODUCTS, (NO DISGNOSTIC SUBSTANCES)",10.0,1.39,-86.10%,2020
VII,2021-02-12,SAN FRANCISCO,CA,2.0,BLANK CHECKS,10.0,9.75,-2.50%,2021
HCAR,2021-01-05,BETHESDA,MD,4.0,BLANK CHECKS,10.0,9.74,-2.60%,2021
ACKIT,2021-02-04,CLAYMONT,DE,3.0,BLANK CHECKS,10.0,10.16,1.60%,2021
DUNE,2021-02-19,WEST PALM BEACH,FL,2.0,BLANK CHECKS,10.0,9.9,-1.00%,2021
IIII,2021-02-08,PHILADELPHIA,PA,2.0,BLANK CHECKS,10.0,9.73,-2.70%,2021
GFX,2021-02-08,NEWARK,DE,3.0,BLANK CHECKS,10.0,9.76,-2.40%,2021
MTAC,2021-02-08,NEW YORK,NY,3.0,BLANK CHECKS,10.0,9.9,-1.00%,2021
MASS,2020-12-18,BOSTON,MA,40.0,"MEASURING & CONTROLLING DEVICES, NEC",20.0,15.29,-23.55%,2020
VIRI,2020-12-17,ALPHARETTA,GA,3.0,PHARMACEUTICAL PREPARATIONS,10.0,6.46,-35.40%,2020
COOL,2021-02-08,PALO ALTO,CA,6.0,BLANK CHECKS,10.0,9.75,-2.50%,2021
SCOA,2021-02-05,NEW YORK,NY,3.0,BLANK CHECKS,10.0,9.75,-2.50%,2021
CCV,2021-02-05,NEW YORK,NY,2.0,BLANK CHECKS,10.0,9.79,-2.10%,2021
SCPS,2020-12-16,NEW YORK,NY,4.0,PHARMACEUTICAL PREPARATIONS,5.5,1.06,-80.73%,2020
BCAB,2020-12-16,SAN DIEGO,CA,36.0,"BIOLOGICAL PRODUCTS, (NO DISGNOSTIC SUBSTANCES)",18.0,8.03,-55.39%,2020
WISH,2020-12-16,SAN FRANCISCO,CA,875.0,RETAIL-CATALOG & MAIL-ORDER HOUSES,24.0,2.31,-90.38%,2020
UPST,2020-12-16,SAN MATEO,CA,554.0,FINANCE SERVICES,20.0,97.93,389.65%,2020
ATA,2021-01-28,DALLAS,TX,2.0,BLANK CHECKS,10.0,10.19,1.90%,2021
KINZ,2021-02-04,PALO ALTO,CA,2.0,BLANK CHECKS,10.0,10.0,0.00%,2021
FDMT,2020-12-11,EMERYVILLE,CA,121.0,"BIOLOGICAL PRODUCTS, (NO DISGNOSTIC SUBSTANCES)",23.0,15.28,-33.57%,2020
SNRH,2021-02-01,SCOTTSDALE,AZ,4.0,BLANK CHECKS,10.0,9.75,-2.50%,2021
VVOS,2020-12-11,HIGHLANDS RANCH,CO,147.0,SURGICAL & MEDICAL INSTRUMENTS & APPARATUS,6.0,2.35,-60.83%,2020
DWIN,2021-01-29,HOUSTON,TX,2.0,BLANK CHECKS,10.0,9.9,-1.00%,2021
GLAQ,2021-02-05,BOCA RATON,FL,1.0,BLANK CHECKS,10.0,10.16,1.60%,2021
CERT,2020-12-11,PRINCETON,NJ,903.0,SERVICES-PREPACKAGED SOFTWARE,23.0,25.73,11.87%,2020
MOTV,2021-02-01,NEW YORK,NY,3.0,"SECURITY & COMMODITY BROKERS, DEALERS, EXCHANGES & SERVICES",10.0,9.92,-0.80%,2021
TVAC,2021-02-09,VALENCIA,CA,2.0,BLANK CHECKS,10.0,9.13,-8.70%,2021
CTAQ,2021-02-01,BURLINGAME,CA,3.0,BLANK CHECKS,10.0,9.77,-2.30%,2021
HYFM,2020-12-10,FAIRLESS HILLS,PA,327.0,WHOLESALE-MISCELLANEOUS NONDURABLE GOODS,20.0,17.65,-11.75%,2020
PCPC,2021-02-01,NEW YORK,NY,4.0,BLANK CHECKS,25.0,24.43,-2.28%,2021
ABNB,2020-12-10,SAN FRANCISCO,CA,5597.0,SERVICES-TO DWELLINGS & OTHER BUILDINGS,68.0,149.57,119.96%,2020
AI,2020-12-09,REDWOOD CITY,CA,628.0,SERVICES-PREPACKAGED SOFTWARE,42.0,23.87,-43.17%,2020
DASH,2020-12-09,SAN FRANCISCO,CA,3886.0,"SERVICES-BUSINESS SERVICES, NEC",102.0,92.29,-9.52%,2020
FLAC,2021-01-29,SEATTLE,WA,4.0,BLANK CHECKS,10.0,9.75,-2.50%,2021
PUBM,2020-12-09,REDWOOD CITY,CA,548.0,"SERVICES-COMPUTER PROGRAMMING, DATA PROCESSING, ETC.",20.0,24.6,23.00%,2020
ALTU,2021-01-29,ATLANTA,GA,4.0,BLANK CHECKS,10.0,9.91,-0.95%,2021
HMCO,2021-01-28,AUSTIN,TX,4.0,BLANK CHECKS,10.0,9.79,-2.10%,2021
CND,2021-01-28,NEW YORK,NY,2.0,BLANK CHECKS,10.0,9.99,-0.10%,2021
MUDS,2021-01-29,NEW YORK,NY,4.0,RETAIL-MISCELLANEOUS RETAIL,10.0,9.97,-0.30%,2021
SBTX,2020-12-04,SEATTLE,WA,83.0,PHARMACEUTICAL PREPARATIONS,21.0,4.36,-79.24%,2020
FTCV,2021-01-25,PHILADELPHIA,PA,3.0,BLANK CHECKS,10.0,9.88,-1.20%,2021
SGTX,2020-12-04,CAMBRIDGE,MA,115.0,PHARMACEUTICAL PREPARATIONS,18.0,1.75,-90.28%,2020
PTIC,2021-01-25,WILSON,WY,1.0,BLANK CHECKS,10.0,9.77,-2.30%,2021
SEER,2020-12-04,REDWOOD CITY,CA,60.0,LABORATORY ANALYTICAL INSTRUMENTS,19.0,15.23,-19.84%,2020
FPAC,2021-01-19,NEW YORK,NY,1.0,FINANCE SERVICES,10.0,9.94,-0.60%,2021
KNTE,2020-12-03,SAN DIEGO,CA,31.0,PHARMACEUTICAL PREPARATIONS,20.0,9.44,-52.80%,2020
BREZ,2020-12-23,IRVING,TX,5.0,BLANK CHECKS,10.0,10.25,2.50%,2020
CAS,2021-01-15,NEW YORK,NY,2.0,BLANK CHECKS,10.0,10.0,0.00%,2021
ARBG,2021-01-11,GREENWICH,CT,2.0,BLANK CHECKS,10.0,9.77,-2.30%,2021
MRVI,2020-11-20,SAN DIEGO,CA,460.0,PHARMACEUTICAL PREPARATIONS,27.0,29.38,8.81%,2020
KWAC,2021-02-17,NEW YORK,NY,2.0,BLANK CHECKS,10.0,10.16,1.60%,2021
OCA,2021-01-12,MILLBURN,NJ,3.0,"FIRE, MARINE & CASUALTY INSURANCE",10.0,9.93,-0.70%,2021
SHC,2020-11-20,BROADVIEW HEIGHTS,OH,3000.0,"SERVICES-MISC HEALTH & ALLIED SERVICES, NEC",23.0,21.29,-7.43%,2020
JYAC,2020-11-19,PALO ALTO,CA,4.0,BLANK CHECKS,10.0,9.76,-2.40%,2020
OLMA,2020-11-19,SAN FRANCISCO,CA,37.0,PHARMACEUTICAL PREPARATIONS,19.0,5.88,-69.05%,2020
TLS,2020-11-19,ASHBURN,VA,785.0,SERVICES-COMPUTER INTEGRATED SYSTEMS DESIGN,17.0,10.11,-40.53%,2020
LNFA,2021-01-07,CHICAGO,IL,2.0,BLANK CHECKS,10.0,10.06,0.60%,2021
PHIC,2021-01-08,NEW YORK,NY,2.0,BLANK CHECKS,10.0,9.79,-2.10%,2021
OTRA,2020-12-10,MIAMI,FL,2.0,BLANK CHECKS,10.0,10.16,1.60%,2020
PIPP,2021-01-07,FORT LAUDERDALE,FL,3.0,BLANK CHECKS,10.0,9.8,-2.00%,2021
ZNTE,2021-01-07,BEACHWOOD,OH,2.0,BLANK CHECKS,10.0,10.2,1.95%,2021
BWAC,2020-12-28,NEW YORK,NY,3.0,BLANK CHECKS,10.0,10.2,2.00%,2020
HAAC,2021-01-04,CAMBRIDGE,MA,2.0,BLANK CHECKS,10.0,9.79,-2.10%,2021
NOAC,2021-01-29,WESTON,MA,2.0,BLANK CHECKS,10.0,9.78,-2.20%,2021
ADOC,2020-12-10,VICTOR,NY,2.0,BLANK CHECKS,10.0,10.25,2.50%,2020
CONX,2020-12-21,LITTLETON,CO,1.0,BLANK CHECKS,10.0,9.81,-1.90%,2020
BHSE,2020-12-17,MIAMI BEACH,FL,2.0,BLANK CHECKS,10.0,10.02,0.22%,2020
SQZ,2020-10-30,WATERTOWN,MA,98.0,"BIOLOGICAL PRODUCTS, (NO DISGNOSTIC SUBSTANCES)",16.0,7.38,-53.88%,2020
JUPW,2020-10-30,JUPITER,FL,5.0,"PERFUMES, COSMETICS & OTHER TOILET PREPARATIONS",7.5,1.02,-86.40%,2020
AVIR,2020-10-30,BOSTON,MA,56.0,PHARMACEUTICAL PREPARATIONS,24.0,6.8,-71.67%,2020
GLTO,2020-10-29,BOSTON,MA,28.0,PHARMACEUTICAL PREPARATIONS,15.0,2.3,-84.67%,2020
ALGM,2020-10-29,MANCHESTER,NH,520.0,SEMICONDUCTORS & RELATED DEVICES,14.0,27.57,96.93%,2020
LESL,2020-10-29,PHOENIX,AZ,3700.0,"RETAIL-RETAIL STORES, NEC",17.0,20.03,17.82%,2020
BOAC,2020-12-18,DALLAS,TX,3.0,BLANK CHECKS,10.0,9.82,-1.80%,2020
ROOT,2020-10-28,COLUMBUS,OH,1007.0,"FIRE, MARINE & CASUALTY INSURANCE",27.0,1.83,-93.22%,2020
MAX,2020-10-28,LOS ANGELES,CA,117.0,"INSURANCE CARRIERS, NEC",19.0,13.17,-30.68%,2020
GATO,2020-10-28,GREENWOOD VILLAGE,CO,641.0,GOLD AND SILVER ORES,7.0,2.99,-57.29%,2020
BDSX,2020-10-28,BOULDER,CO,200.0,SERVICES-MEDICAL LABORATORIES,18.0,3.71,-79.39%,2020
MACU,2020-11-27,CORNELIUS,NC,2.0,BLANK CHECKS,10.0,10.04,0.40%,2020
LUXA,2020-12-14,NEW YOK,NY,3.0,BLANK CHECKS,10.0,9.82,-1.80%,2020
EUCR,2020-12-14,NEW YORK,NY,4.0,BLANK CHECKS,10.0,9.81,-1.90%,2020
FHTX,2020-10-23,CAMBRIDGE,MA,95.0,PHARMACEUTICAL PREPARATIONS,16.0,13.54,-15.38%,2020
BLSA,2020-10-22,BOSTON,MA,2.0,BLANK CHECKS,10.0,9.83,-1.70%,2020
MCFE,2020-10-22,SAN JOSE,CA,6916.0,SERVICES-PREPACKAGED SOFTWARE,20.0,25.79,28.95%,2020
TEKK,2020-12-14,LAS VEGAS,NV,4.0,BLANK CHECKS,10.0,9.8,-2.00%,2020
GHLD,2020-10-22,SAN DIEGO,CA,4400.0,MORTGAGE BANKERS & LOAN CORRESPONDENTS,15.0,13.3,-11.33%,2020
LFTR,2020-12-15,BOSTON,MA,5.0,BLANK CHECKS,10.0,9.8,-2.00%,2020
HIGA,2020-12-11,MIAMI,FL,4.0,BLANK CHECKS,10.0,9.83,-1.70%,2020
XPOA,2020-12-11,MIAMI,FL,3.0,BLANK CHECKS,10.0,9.8,-2.00%,2020
SRSA,2020-12-11,GREENWICH,CT,6.0,BLANK CHECKS,10.0,9.8,-2.00%,2020
HZON,2020-12-10,GREENWICH,CT,3.0,BLANK CHECKS,10.0,9.83,-1.70%,2020
HLXA,2020-10-20,BOSTON,MA,2.0,PHARMACEUTICAL PREPARATIONS,10.0,9.88,-1.20%,2020
TARS,2020-10-16,IRVINE,CA,20.0,"BIOLOGICAL PRODUCTS, (NO DISGNOSTIC SUBSTANCES)",16.0,16.74,4.59%,2020
ALGS,2020-10-16,SOUTH SAN FRANCISCO,CA,86.0,"BIOLOGICAL PRODUCTS, (NO DISGNOSTIC SUBSTANCES)",15.0,2.94,-80.40%,2020
KRBP,2020-10-16,HOUSTON,TX,19.0,"BIOLOGICAL PRODUCTS, (NO DISGNOSTIC SUBSTANCES)",12.0,0.83,-93.08%,2020
TMPM,2020-12-07,CAMBRIDGE,MA,4.0,BLANK CHECKS,10.0,9.82,-1.80%,2020
EAR,2020-10-16,SAN JOSE,CA,238.0,"ORTHOPEDIC, PROSTHETIC & SURGICAL APPLIANCES & SUPPLIES",18.0,4.82,-73.22%,2020
PRAX,2020-10-16,BOSTON,MA,67.0,PHARMACEUTICAL PREPARATIONS,19.0,12.73,-33.00%,2020
ARRY,2020-10-15,ALBUQUERQUE,NM,387.0,MISCELLANEOUS MANUFACTURING INDUSTRIES,22.0,9.74,-55.73%,2020
EBC,2020-10-15,BOSTON,MA,1884.0,"SAVINGS INSTITUTION, FEDERALLY CHARTERED",10.0,20.7,107.00%,2020
CDAK,2020-10-14,CAMBRIDGE,MA,105.0,"BIOLOGICAL PRODUCTS, (NO DISGNOSTIC SUBSTANCES)",15.0,4.98,-66.80%,2020
IPOF,2020-11-30,PALO ALTO,CA,4.0,BLANK CHECKS,10.0,9.9,-1.00%,2020
SPRB,2020-10-09,DALY CITY,CA,19.0,PHARMACEUTICAL PREPARATIONS,15.0,2.33,-84.50%,2020
STTK,2020-10-09,AUSTIN,TX,59.0,PHARMACEUTICAL PREPARATIONS,17.0,5.72,-66.35%,2020
KRON,2020-10-09,SAN MATEO,CA,95.0,PHARMACEUTICAL PREPARATIONS,19.0,7.67,-59.63%,2020
IPOD,2020-11-30,PALO ALTO,CA,4.0,BLANK CHECKS,10.0,9.9,-1.00%,2020
AZYO,2020-10-08,SILVER SPRING,MD,176.0,"BIOLOGICAL PRODUCTS, (NO DISGNOSTIC SUBSTANCES)",17.0,5.64,-66.82%,2020
SQFT,2020-10-07,SAN DIEGO,CA,22.0,REAL ESTATE INVESTMENT TRUSTS,5.0,3.68,-26.40%,2020
TPGY,2020-11-27,FORTH WORTH,TX,3.0,BLANK CHECKS,10.0,9.82,-1.80%,2020
FMAC,2020-11-27,NEW YORK,NY,4.0,BLANK CHECKS,10.0,9.89,-1.10%,2020
ASAQ,2020-10-15,STAMFORD,CT,5.0,BLANK CHECKS,10.0,9.83,-1.70%,2020
AVAN,2020-11-23,NEWARK,DE,2.0,BLANK CHECKS,10.0,9.81,-1.90%,2020
ASO,2020-10-02,KATY,TX,22000.0,RETAIL-MISCELLANEOUS SHOPPING GOODS STORES,13.0,37.37,187.46%,2020
CCCC,2020-10-02,WATERTOWN,MA,99.0,"BIOLOGICAL PRODUCTS, (NO DISGNOSTIC SUBSTANCES)",19.0,23.11,21.63%,2020
ONCR,2020-10-02,CAMBRIDGE,MA,56.0,PHARMACEUTICAL PREPARATIONS,15.0,3.01,-79.93%,2020
IMNM,2020-10-02,EXTON,PA,23.0,PHARMACEUTICAL PREPARATIONS,12.0,7.95,-33.75%,2020
IGAC,2020-11-23,NEW YORK,NY,2.0,BLANK CHECKS,10.0,9.82,-1.80%,2020
LUNG,2020-10-01,REDWOOD CITY,CA,170.0,SURGICAL & MEDICAL INSTRUMENTS & APPARATUS,19.0,24.55,29.21%,2020
PLTR,2020-09-30,DENVER,CO,2733.0,SERVICES-PREPACKAGED SOFTWARE,7.25,12.45,71.72%,2020
ASAN,2020-09-30,SAN FRANCISCO,CA,1080.0,SERVICES-PREPACKAGED SOFTWARE,21.0,46.06,119.33%,2020
GRAY,2020-09-25,REDWOOD CITY,CA,25.0,PHARMACEUTICAL PREPARATIONS,16.0,1.29,-91.94%,2020
GLSI,2020-09-25,STAFFORD,TX,3.0,PHARMACEUTICAL PREPARATIONS,5.75,19.41,237.57%,2020
AMST,2020-09-25,ANN ARBOR,MI,26.0,SERVICES-PREPACKAGED SOFTWARE,5.0,0.79,-84.23%,2020
PMVP,2020-09-25,CRANBURY,NJ,44.0,PHARMACEUTICAL PREPARATIONS,18.0,14.86,-17.44%,2020
PRLD,2020-09-25,WILMINGTON,DE,113.0,PHARMACEUTICAL PREPARATIONS,19.0,9.49,-50.05%,2020
TSHA,2020-09-24,DALLAS,TX,38.0,"BIOLOGICAL PRODUCTS, (NO DISGNOSTIC SUBSTANCES)",20.0,7.78,-61.10%,2020
LSF,2020-09-23,SISTERS,OR,150.0,FOOD AND KINDRED PRODUCTS,22.0,7.21,-67.23%,2020
CRSR,2020-09-23,FREMONT,CA,2411.0,"COMPUTER PERIPHERAL EQUIPMENT, NEC",17.0,18.65,9.71%,2020
GDRX,2020-09-23,SANTA MONICA,CA,478.0,SERVICES-COMPUTER PROCESSING & DATA PREPARATION,33.0,26.56,-19.52%,2020
BSY,2020-09-23,EXTON,PA,4010.0,SERVICES-PREPACKAGED SOFTWARE,22.0,37.89,72.23%,2020
PMVC,2020-11-12,PALM BEACH,FL,7.0,BLANK CHECKS,10.0,9.85,-1.50%,2020
ATHA,2020-09-18,BOTHELL,WA,22.0,"BIOLOGICAL PRODUCTS, (NO DISGNOSTIC SUBSTANCES)",17.0,9.58,-43.65%,2020
U,2020-09-18,SAN FRANCISCO,CA,4934.0,SERVICES-PREPACKAGED SOFTWARE,52.0,92.54,77.96%,2020
NMMC,2020-11-10,NEW YORK,NY,2.0,BLANK CHECKS,10.0,9.85,-1.50%,2020
OACB,2020-11-09,LOS ANGELES,CA,4.0,BLANK CHECKS,10.0,9.89,-1.10%,2020
DYN,2020-09-17,WALTHAM,MA,88.0,PHARMACEUTICAL PREPARATIONS,19.0,6.58,-65.37%,2020
PTVE,2020-09-17,LAKE FOREST,IL,14600.0,"PLASTICS, FOIL & COATED PAPER BAGS",14.0,10.51,-24.93%,2020
AMWL,2020-09-17,BOSTON,MA,812.0,"SERVICES-BUSINESS SERVICES, NEC",18.0,4.39,-75.61%,2020
BNL,2020-09-17,ROCHESTER,NY,71.0,REAL ESTATE INVESTMENT TRUSTS,17.0,22.47,32.18%,2020
SUMO,2020-09-17,REDWOOD CITY,CA,759.0,SERVICES-PREPACKAGED SOFTWARE,22.0,11.2,-49.09%,2020
FROG,2020-09-16,SUNNYVALE,CA,700.0,SERVICES-PREPACKAGED SOFTWARE,44.0,24.63,-44.02%,2020
SNOW,2020-09-16,BOZEMAN,MT,2495.0,SERVICES-PREPACKAGED SOFTWARE,120.0,256.26,113.55%,2020
STEP,2020-09-16,NEW YORK,NY,731.0,INVESTMENT ADVICE,18.0,33.51,86.17%,2020
MTCR,2020-09-16,SAN DIEGO,CA,35.0,PHARMACEUTICAL PREPARATIONS,13.0,0.48,-96.33%,2020
EQD,2020-11-06,CHICAGO,IL,3.0,BLANK CHECKS,10.0,9.85,-1.50%,2020
ENPC,2020-11-06,BOSTON,MA,1.0,BLANK CHECKS,25.0,9.84,-60.64%,2020
OM,2020-09-15,SAN JOSE,CA,313.0,ELECTROMEDICAL & ELECTROTHERAPEUTIC APPARATUS,27.0,35.44,31.26%,2020
LEAP,2020-11-02,PALO ALTO,CA,2.0,BLANK CHECKS,10.0,9.84,-1.60%,2020
PIAI,2020-11-02,SAN JOSE,CA,2.0,BLANK CHECKS,10.0,9.86,-1.40%,2020
CRHC,2020-10-30,WILMINGTON,DE,1.0,BLANK CHECKS,10.0,9.86,-1.40%,2020
TWND,2020-10-23,LOS ANGELES,CA,2.0,SERVICES-MANAGEMENT CONSULTING SERVICES,10.0,9.84,-1.60%,2020
AUVI,2020-08-31,MOUNT VERNON,NY,37.0,ELECTRIC LIGHTING & WIRING EQUIPMENT,5.0,1.61,-67.80%,2020
HCDI,2020-08-28,GIG HARBOR,WA,40.0,OPERATIVE BUILDERS,6.0,2.52,-58.00%,2020
KYMR,2020-08-21,WATERTOWN,MA,136.0,"BIOLOGICAL PRODUCTS, (NO DISGNOSTIC SUBSTANCES)",20.0,39.34,96.70%,2020
FST,2020-10-12,RIDGEFIELD,CT,4.0,BLANK CHECKS,10.0,10.25,2.50%,2020
INBX,2020-08-19,LA JOLLA,CA,91.0,"BIOLOGICAL PRODUCTS, (NO DISGNOSTIC SUBSTANCES)",17.0,26.0,52.94%,2020
HRMY,2020-08-19,PLYMOUTH MEETING,PA,150.0,PHARMACEUTICAL PREPARATIONS,24.0,37.01,54.21%,2020
LCAP,2020-10-13,MIAMI,FL,3.0,"SERVICES-BUSINESS SERVICES, NEC",10.0,10.03,0.30%,2020
DCT,2020-08-14,BOSTON,MA,1653.0,SERVICES-PREPACKAGED SOFTWARE,27.0,24.96,-7.56%,2020
RBAC,2020-10-05,NEW YORK,NY,3.0,SERVICES-MISCELLANEOUS AMUSEMENT & RECREATION,10.0,9.92,-0.80%,2020
NTST,2020-08-13,DALLAS,TX,19.0,REAL ESTATE INVESTMENT TRUSTS,18.0,21.88,21.56%,2020
KBNT,2020-08-12,NEW YORK,NY,13.0,SERVICES-COMPUTER INTEGRATED SYSTEMS DESIGN,5.0,2.04,-59.20%,2020
VMAC,2020-08-21,NEW YORK,NY,2.0,RADIO BROADCASTING STATIONS,10.0,9.83,-1.70%,2020
CMPI,2020-08-07,CAMBRIDGE,MA,28.0,"BIOLOGICAL PRODUCTS, (NO DISGNOSTIC SUBSTANCES)",15.0,2.36,-84.30%,2020
AFIB,2020-08-06,CARLSBAD,CA,291.0,SURGICAL & MEDICAL INSTRUMENTS & APPARATUS,18.0,2.09,-88.39%,2020
RKT,2020-08-06,DETROIT,MI,24000.0,MORTGAGE BANKERS & LOAN CORRESPONDENTS,18.0,11.83,-34.28%,2020
OSH,2020-08-06,CHICAGO,IL,4000.0,SERVICES-HEALTH SERVICES,21.0,17.22,-18.00%,2020
BIGC,2020-08-05,AUSTIN,TX,813.0,SERVICES-PREPACKAGED SOFTWARE,24.0,28.94,20.58%,2020
RXT,2020-08-05,SAN ANTONIO,TX,7200.0,"SERVICES-COMPUTER PROGRAMMING, DATA PROCESSING, ETC.",21.0,11.89,-43.38%,2020
GOAC,2020-09-25,NEW YORK,NY,5.0,BLANK CHECKS,10.0,9.87,-1.30%,2020
HSAQ,2020-08-04,NEW YORK,NY,4.0,BLANK CHECKS,10.0,9.85,-1.50%,2020
FTHM,2020-07-31,CARY,NC,38.0,REAL ESTATE AGENTS & MANAGERS (FOR OTHERS),10.0,12.93,29.30%,2020
GOED,2020-07-31,ST. CHARLES,MO,102.0,"RETAIL-HOME FURNITURE, FURNISHINGS & EQUIPMENT STORES",9.0,2.03,-77.44%,2020
ETAC,2020-09-18,BURLINGAME,CA,2.0,BLANK CHECKS,10.0,9.87,-1.30%,2020
PRPB,2020-09-21,NEW YORK,NY,4.0,BLANK CHECKS,10.0,9.91,-0.90%,2020
VITL,2020-07-31,AUSTIN,TX,161.0,FOOD AND KINDRED PRODUCTS,22.0,15.38,-30.09%,2020
ALVR,2020-07-30,CAMBRIDGE,MA,110.0,"BIOLOGICAL PRODUCTS, (NO DISGNOSTIC SUBSTANCES)",17.0,7.68,-54.82%,2020
VERX,2020-07-29,KING OF PRUSSIA,PA,1200.0,SERVICES-PREPACKAGED SOFTWARE,19.0,12.99,-31.63%,2020
ACEV,2020-09-17,WILMINGTON,DE,4.0,SEMICONDUCTORS & RELATED DEVICES,10.0,10.0,0.00%,2020
NRIX,2020-07-24,SAN FRANCISCO,CA,242.0,PHARMACEUTICAL PREPARATIONS,19.0,17.64,-7.16%,2020
INZY,2020-07-24,BOSTON,MA,38.0,PHARMACEUTICAL PREPARATIONS,16.0,6.4,-60.00%,2020
ITOS,2020-07-24,CAMBRIDGE,MA,74.0,"BIOLOGICAL PRODUCTS, (NO DISGNOSTIC SUBSTANCES)",19.0,35.15,85.00%,2020
ANNX,2020-07-24,SOUTH SAN FRANCISCO,CA,62.0,PHARMACEUTICAL PREPARATIONS,17.0,7.27,-57.24%,2020
MEG,2020-07-23,IRVINE,CA,2300.0,SERVICES-MANAGEMENT CONSULTING SERVICES,15.0,43.92,192.80%,2020
ERES,2020-09-14,BOCA RATON,FL,6.0,BLANK CHECKS,10.0,9.87,-1.30%,2020
PSTH,2020-09-11,NEW YORK,NY,4.0,BLANK CHECKS,20.0,19.81,-0.95%,2020
JAMF,2020-07-22,MINNEAPOLIS,MN,1496.0,SERVICES-PREPACKAGED SOFTWARE,26.0,32.23,23.96%,2020
BLI,2020-07-17,EMERYVILLE,CA,85.0,LABORATORY ANALYTICAL INSTRUMENTS,22.0,8.33,-62.14%,2020
ALXO,2020-07-17,SOUTH SAN FRANCISCO,CA,32.0,PHARMACEUTICAL PREPARATIONS,19.0,13.65,-28.16%,2020
TIG,2020-07-16,WAYZATA,MN,334.0,"FIRE, MARINE & CASUALTY INSURANCE",15.0,7.49,-50.07%,2020
RLAY,2020-07-16,CAMBRIDGE,MA,159.0,"BIOLOGICAL PRODUCTS, (NO DISGNOSTIC SUBSTANCES)",20.0,20.88,4.40%,2020
HPX,2020-09-07,WILMINGTON,DE,1.0,BLANK CHECKS,10.0,9.88,-1.20%,2020
GOCO,2020-07-15,CHICAGO,IL,3067.0,"INSURANCE AGENTS, BROKERS & SERVICE",21.0,2.37,-88.71%,2020
NKTX,2020-07-10,SOUTH SAN FRANCISCO,CA,133.0,PHARMACEUTICAL PREPARATIONS,18.0,9.25,-48.61%,2020
PSTX,2020-07-10,SAN DIEGO,CA,254.0,"BIOLOGICAL PRODUCTS, (NO DISGNOSTIC SUBSTANCES)",16.0,4.29,-73.19%,2020
LMND,2020-07-02,NEW YORK,NY,567.0,"FIRE, MARINE & CASUALTY INSURANCE",29.0,28.92,-0.28%,2020
ACCD,2020-07-02,PLYMOUTH MEETING,PA,2350.0,"SERVICES-BUSINESS SERVICES, NEC",22.0,18.7,-15.00%,2020
DNB,2020-07-01,SHORT HILLS,NJ,4039.0,"SERVICES-CONSUMER CREDIT REPORTING, COLLECTION AGENCIES",22.0,19.68,-10.55%,2020
ADTX,2020-06-30,RICHMOND,VA,43.0,PHARMACEUTICAL PREPARATIONS,9.0,0.43,-95.26%,2020
ACI,2020-06-26,BOISE,ID,300000.0,RETAIL-GROCERY STORES,16.0,28.47,77.94%,2020
AKUS,2020-06-26,BOSTON,MA,69.0,PHARMACEUTICAL PREPARATIONS,17.0,5.87,-65.50%,2020
FMTX,2020-06-19,WATERTOWN,MA,156.0,"BIOLOGICAL PRODUCTS, (NO DISGNOSTIC SUBSTANCES)",20.0,10.86,-45.70%,2020
PROG,2020-06-19,SAN DIEGO,CA,265.0,SERVICES-MEDICAL LABORATORIES,15.0,1.49,-90.07%,2020
RPRX,2020-06-16,NEW YORK,NY,51.0,PHARMACEUTICAL PREPARATIONS,28.0,40.03,42.96%,2020
RNA,2020-06-12,LA JOLLA,CA,82.0,PHARMACEUTICAL PREPARATIONS,18.0,16.0,-11.11%,2020
GBIO,2020-06-12,CAMBRIDGE,MA,100.0,PHARMACEUTICAL PREPARATIONS,19.0,5.88,-69.05%,2020
PCVX,2020-06-12,FOSTER CITY,CA,58.0,"BIOLOGICAL PRODUCTS, (NO DISGNOSTIC SUBSTANCES)",16.0,18.0,12.50%,2020
AZEK,2020-06-12,CHICAGO,IL,2072.0,"PLASTICS PRODUCTS, NEC",23.0,32.0,39.13%,2020
LTRN,2020-06-11,DALLAS,TX,15.0,PHARMACEUTICAL PREPARATIONS,15.0,6.48,-56.80%,2020
VRM,2020-06-09,NEW YORK,NY,944.0,RETAIL-AUTO DEALERS & GASOLINE STATIONS,22.0,7.19,-67.32%,2020
FOUR,2020-06-05,ALLENTOWN,PA,1311.0,"SERVICES-BUSINESS SERVICES, NEC",23.0,48.78,112.09%,2020
AMTI,2020-06-05,SOUTH SAN FRANCISCO,CA,113.0,PHARMACEUTICAL PREPARATIONS,14.0,8.4,-40.00%,2020
ZI,2020-06-04,VANCOUVER,WA,1747.0,SERVICES-PREPACKAGED SOFTWARE,21.0,49.11,133.86%,2020
PLRX,2020-06-03,SOUTH SAN FRANCISCO,CA,78.0,PHARMACEUTICAL PREPARATIONS,16.0,10.87,-32.06%,2020
WMG,2020-06-03,NEW YORK,NY,5900.0,SERVICES-AMUSEMENT & RECREATION SERVICES,25.0,40.64,62.56%,2020
NARI,2020-05-22,IRVINE,CA,456.0,SURGICAL & MEDICAL INSTRUMENTS & APPARATUS,19.0,71.16,274.53%,2020
SLQT,2020-05-21,OVERLAND PARK,KS,3300.0,"INSURANCE AGENTS, BROKERS & SERVICE",20.0,6.56,-67.20%,2020
AYLA,2020-05-08,WILMINGTON,DE,31.0,"BIOLOGICAL PRODUCTS, (NO DISGNOSTIC SUBSTANCES)",15.0,6.01,-59.97%,2020
GAN,2020-05-05,IRVINE,CA,246.0,"SERVICES-COMPUTER PROGRAMMING, DATA PROCESSING, ETC.",8.5,6.37,-25.06%,2020
LYRA,2020-05-01,WATERTOWN,MA,54.0,SURGICAL & MEDICAL INSTRUMENTS & APPARATUS,16.0,4.07,-74.56%,2020
ORIC,2020-04-24,SOUTH SAN FRANCISCO,CA,74.0,PHARMACEUTICAL PREPARATIONS,16.0,8.7,-45.63%,2020
KROS,2020-04-08,LEXINGTON,MA,45.0,PHARMACEUTICAL PREPARATIONS,16.0,43.42,171.38%,2020
ZNTL,2020-04-03,NEW YORK,NY,124.0,PHARMACEUTICAL PREPARATIONS,18.0,55.05,205.83%,2020
IMRA,2020-03-12,BOSTON,MA,27.0,PHARMACEUTICAL PREPARATIONS,16.0,1.32,-91.75%,2020
PASG,2020-02-28,PHILADELPHIA,PA,74.0,"BIOLOGICAL PRODUCTS, (NO DISGNOSTIC SUBSTANCES)",18.0,4.59,-74.50%,2020
ESSC,2020-03-17,BURLINGTON,MA,2.0,"SERVICES-COMPUTER PROGRAMMING, DATA PROCESSING, ETC.",10.0,10.7,7.00%,2020
RVMD,2020-02-13,REDWOOD CITY,CA,162.0,"BIOLOGICAL PRODUCTS, (NO DISGNOSTIC SUBSTANCES)",17.0,21.08,24.00%,2020
ONEW,2020-02-07,BUFORD,GA,1785.0,RETAIL-AUTO & HOME SUPPLY STORES,12.0,51.07,325.58%,2020
SDGR,2020-02-06,NEW YORK,NY,452.0,PHARMACEUTICAL PREPARATIONS,17.0,26.56,56.24%,2020
BEAM,2020-02-06,CAMBRIDGE,MA,182.0,"BIOLOGICAL PRODUCTS, (NO DISGNOSTIC SUBSTANCES)",17.0,60.27,254.53%,2020
REYN,2020-01-31,LAKE FOREST,IL,5450.0,"PLASTICS, FOIL & COATED PAPER BAGS",26.0,30.14,15.92%,2020
ONEM,2020-01-31,SAN FRANCISCO,CA,2940.0,SERVICES-OFFICES & CLINICS OF DOCTORS OF MEDICINE,14.0,10.46,-25.29%,2020
ARQT,2020-01-31,WESTLAKE VILLAGE,CA,143.0,PHARMACEUTICAL PREPARATIONS,17.0,14.68,-13.65%,2020
BDTX,2020-01-30,CAMBRIDGE,MA,73.0,"BIOLOGICAL PRODUCTS, (NO DISGNOSTIC SUBSTANCES)",19.0,4.08,-78.53%,2020
ANVS,2020-01-29,BERWYN,PA,2.0,PHARMACEUTICAL PREPARATIONS,6.0,13.64,127.33%,2020
SCVX,2020-03-16,WASHINGTON,DC,3.0,"SPECIAL INDUSTRY MACHINERY, NEC",10.0,9.9,-1.00%,2020
VEL,2020-01-17,WESTLAKE VILLAGE,CA,175.0,FINANCE SERVICES,13.0,12.48,-4.00%,2020
NXGL,2021-12-22,LANGHORNE,PA,10.0,SURGICAL & MEDICAL INSTRUMENTS & APPARATUS,5.5,2.51,-54.36%,2021
AERC,2021-11-24,PALM BEACH GARDENS,FL,5.0,INDUSTRIAL & COMMERCIAL FANS & BLOWERS & AIR PURIFING EQUIP,10.0,4.43,-55.70%,2021
BRZE,2021-11-17,NEW YORK,NY,870.0,SERVICES-PREPACKAGED SOFTWARE,65.0,52.65,-19.00%,2021
DERM,2021-11-12,SCOTTSDALE,AZ,82.0,PHARMACEUTICAL PREPARATIONS,10.0,5.58,-44.25%,2021
BTBD,2020-06-18,WEST FARGO,ND,107.0,RETAIL-EATING PLACES,5.0,2.63,-47.40%,2020
PIK,2021-11-11,NEW YORK,NY,33.0,RETAIL-CATALOG & MAIL-ORDER HOUSES,8.5,4.65,-45.29%,2021
WBEV,2021-11-11,LOS ANGELES,CA,97.0,RETAIL-MISCELLANEOUS RETAIL,13.0,5.86,-54.92%,2021
VAXX,2021-11-11,DALLAS,TX,75.0,PHARMACEUTICAL PREPARATIONS,13.0,6.53,-49.77%,2021
LVLU,2021-11-11,CHICO,CA,744.0,RETAIL-CATALOG & MAIL-ORDER HOUSES,16.0,9.24,-42.25%,2021
WEAV,2021-11-11,LEHI,UT,907.0,SERVICES-PREPACKAGED SOFTWARE,24.0,8.68,-63.83%,2021
BLZE,2021-11-11,SAN MATEO,CA,243.0,SERVICES-PREPACKAGED SOFTWARE,16.0,11.97,-25.19%,2021
BJDX,2021-11-10,ACTON,MA,6.0,SURGICAL & MEDICAL INSTRUMENTS & APPARATUS,10.0,1.29,-87.10%,2021
RIVN,2021-11-10,IRVINE,CA,9195.0,MOTOR VEHICLES & PASSENGER CAR BODIES,78.0,60.36,-22.62%,2021
EXFY,2021-11-10,PORTLAND,OR,142.0,SERVICES-PREPACKAGED SOFTWARE,27.0,25.42,-5.85%,2021
TCBX,2021-11-09,HUMBLE,TX,313.0,"SAVINGS INSTITUTIONS, NOT FEDERALLY CHARTERED",25.0,23.88,-4.48%,2021
STRN,2021-11-09,QUINCY,MA,67.0,SERVICES-ADVERTISING AGENCIES,4.15,1.92,-53.73%,2021
RGF,2021-11-05,CHERRY HILL,NJ,260.0,FOOD AND KINDRED PRODUCTS,12.0,6.00,-50.04%,2021
ARHS,2021-11-04,BOSTON HEIGHTS,OH,1540.0,RETAIL-FURNITURE STORES,13.0,8.31,-36.12%,2021
CDRE,2021-11-04,JACKSONVILLE,FL,2382.0,"ORTHOPEDIC, PROSTHETIC & SURGICAL APPLIANCES & SUPPLIES",13.0,22.09,69.92%,2021
BIRD,2021-11-03,SAN FRANCISCO,CA,275.0,APPAREL & OTHER FINISHD PRODS OF FABRICS & SIMILAR MATL,15.0,11.45,-23.67%,2021
LIAN,2021-11-01,PRINCETON,NJ,87.0,PHARMACEUTICAL PREPARATIONS,16.0,3.53,-77.94%,2021
SONX,2021-10-29,LAGUNA HILLS,CA,203.0,DENTAL EQUIPMENT & SUPPLIES,12.0,6.06,-49.50%,2021
HRT,2021-10-29,NASHVILLE,TN,2447.0,"SERVICES-BUSINESS SERVICES, NEC",19.0,13.56,-28.63%,2021
AURA,2021-10-29,CAMBRIDGE,MA,42.0,"BIOLOGICAL PRODUCTS, (NO DISGNOSTIC SUBSTANCES)",14.0,18.20,30.00%,2021
UDMY,2021-10-29,SAN FRANCISCO,CA,1131.0,SERVICES-EDUCATIONAL SERVICES,29.0,14.89,-48.66%,2021
BFRI,2021-10-29,WOBURN,MA,56.0,PHARMACEUTICAL PREPARATIONS,5.0,3.97,-20.60%,2021
AIRS,2021-10-29,MIAMI BEACH,FL,260.0,SERVICES-OFFICES & CLINICS OF DOCTORS OF MEDICINE,11.0,13.59,23.55%,2021
TRDA,2021-10-29,BOSTON,MA,98.0,PHARMACEUTICAL PREPARATIONS,20.0,9.08,-54.63%,2021
DTC,2021-10-28,SOUTHLAKE,TX,250.0,"SPORTING & ATHLETIC GOODS, NEC",17.0,10.27,-39.59%,2021
FLNC,2021-10-28,ARLINGTON,VA,450.0,"MISCELLANEOUS ELECTRICAL MACHINERY, EQUIPMENT & SUPPLIES",28.0,15.61,-44.25%,2021
INFA,2021-10-27,REDWOOD CITY,CA,5249.0,SERVICES-PREPACKAGED SOFTWARE,29.0,26.35,-9.14%,2021
AIP,2021-10-27,CAMPBELL,CA,218.0,SEMICONDUCTORS & RELATED DEVICES,14.0,14.28,2.00%,2021
RENT,2021-10-27,BROOKLYN,NY,974.0,"RETAIL-RETAIL STORES, NEC",21.0,4.99,-76.24%,2021
MRAI,2021-10-27,TAMPA,FL,131.0,"SERVICES-MISC HEALTH & ALLIED SERVICES, NEC",4.0,2.00,-50.00%,2021
ARIS,2021-10-22,HOUSTON,TX,141.0,"OIL & GAS FIELD SERVICES, NEC",13.0,12.17,-6.38%,2021
UTRS,2021-10-22,SANTA CLARA,CA,139.0,SURGICAL & MEDICAL INSTRUMENTS & APPARATUS,12.0,4.94,-58.83%,2021
XLO,2021-10-22,WALTHAM,MA,69.0,PHARMACEUTICAL PREPARATIONS,16.0,9.93,-37.94%,2021
COCO,2021-10-21,NEW YORK,NY,265.0,BEVERAGES,15.0,11.35,-24.33%,2021
ENFN,2021-10-21,CHICAGO,IL,798.0,SERVICES-PREPACKAGED SOFTWARE,17.0,13.23,-22.18%,2021
PX,2021-10-21,DALLAS,TX,154.0,INVESTMENT ADVICE,12.0,12.51,4.25%,2021
VTYX,2021-10-21,ENCINITAS,CA,23.0,PHARMACEUTICAL PREPARATIONS,16.0,12.70,-20.63%,2021
CNTX,2021-10-20,PHILADELPHIA,PA,2.0,PHARMACEUTICAL PREPARATIONS,5.0,2.22,-55.60%,2021
CYN,2021-10-20,MENLO PARK,CA,33.0,SERVICES-COMPUTER PROGRAMMING SERVICES,7.5,1.63,-78.27%,2021
SDIG,2021-10-20,NEW YORK,NY,50.0,SERVICES-COMPUTER PROCESSING & DATA PREPARATION,19.0,7.93,-58.26%,2021
INKT,2021-10-15,NEW YORK,NY,31.0,"BIOLOGICAL PRODUCTS, (NO DISGNOSTIC SUBSTANCES)",12.0,3.20,-73.33%,2021
FNA,2021-10-15,ENGLEWOOD,CO,295.0,SURGICAL & MEDICAL INSTRUMENTS & APPARATUS,16.0,14.38,-10.13%,2021
BMAC,2021-11-12,FORT WORTH,TX,2.0,BLANK CHECKS,10.0,9.87,-1.30%,2021
AVDX,2021-10-13,CHARLOTTE,NC,1500.0,SERVICES-PREPACKAGED SOFTWARE,25.0,10.00,-60.00%,2021
HCTI,2021-10-13,PLEASANTON,CA,69.0,SERVICES-COMPUTER INTEGRATED SYSTEMS DESIGN,4.0,1.54,-61.50%,2021
SAMA,2021-11-29,RYE BROOK,NY,4.0,BLANK CHECKS,10.0,9.71,-2.90%,2021
ISO,2021-10-08,BRANFORD,CT,386.0,LABORATORY ANALYTICAL INSTRUMENTS,15.0,5.53,-63.13%,2021
CGTX,2021-10-08,PITTSBURGH,PA,22.0,"BIOLOGICAL PRODUCTS, (NO DISGNOSTIC SUBSTANCES)",12.0,4.48,-62.67%,2021
LTH,2021-10-07,CHANHASSEN,MN,30000.0,SERVICES-MEMBERSHIP SPORTS & RECREATION CLUBS,18.0,14.35,-20.28%,2021
THRX,2021-10-07,CAMBRIDGE,MA,16.0,PHARMACEUTICAL PREPARATIONS,16.0,10.00,-37.50%,2021
VLCN,2021-10-06,ROUND ROCK,TX,34.0,MOTOR VEHICLES & PASSENGER CAR BODIES,5.5,2.70,-50.91%,2021
AVAC,2021-12-03,SAN FRANCISCO,CA,4.0,BLANK CHECKS,10.0,9.89,-1.10%,2021
PYXS,2021-10-08,CAMBRIDGE,MA,45.0,PHARMACEUTICAL PREPARATIONS,16.0,8.68,-45.75%,2021
FWRG,2021-10-01,BRADENTON,FL,8000.0,RETAIL-EATING PLACES,18.0,14.95,-16.94%,2021
OLPX,2021-09-30,SANTA BARBARA,CA,82.0,"PERFUMES, COSMETICS & OTHER TOILET PREPARATIONS",21.0,19.88,-5.33%,2021
WRBY,2021-09-29,NEW YORK,NY,2759.0,OPHTHALMIC GOODS,40.0,32.71,-18.23%,2021
AMPL,2021-09-28,SAN FRANCISCO,CA,490.0,SERVICES-PREPACKAGED SOFTWARE,35.0,33.22,-5.09%,2021
CWAN,2021-09-24,BOISE,ID,1259.0,SERVICES-PREPACKAGED SOFTWARE,18.0,17.05,-5.28%,2021
HLTH,2021-09-24,SAN DIEGO,CA,1290.0,LABORATORY ANALYTICAL INSTRUMENTS,16.0,8.64,-46.00%,2021
BRLT,2021-09-23,SAN FRANCISCO,CA,359.0,"JEWELRY, SILVERWARE & PLATED WARE",12.0,11.36,-5.33%,2021
STER,2021-09-23,NEW YORK,NY,5200.0,SERVICES-COMPUTER PROCESSING & DATA PREPARATION,23.0,19.82,-13.83%,2021
ESMT,2021-09-23,BRAINTREE,MA,697.0,SERVICES-PREPACKAGED SOFTWARE,26.0,20.27,-22.04%,2021
RELY,2021-09-23,SEATTLE,WA,1700.0,"SERVICES-BUSINESS SERVICES, NEC",43.0,10.98,-74.47%,2021
SOVO,2021-09-23,LOUISVILLE,CO,615.0,FOOD AND KINDRED PRODUCTS,12.0,14.66,22.17%,2021
THRN,2021-09-23,SUMMERVILLE,SC,456.0,PHARMACEUTICAL PREPARATIONS,10.0,4.97,-50.30%,2021
FRSH,2021-09-22,SAN MATEO,CA,4300.0,SERVICES-PREPACKAGED SOFTWARE,36.0,19.01,-47.19%,2021
AKA,2021-09-22,SAN FRANCISCO,CA,1124.0,RETAIL-CATALOG & MAIL-ORDER HOUSES,11.0,6.89,-37.36%,2021
ACT,2021-09-16,RALEIGH,NC,500.0,"INSURANCE AGENTS, BROKERS & SERVICE",19.0,21.25,11.84%,2021
FORG,2021-09-16,SAN FRANCISCO,CA,814.0,SERVICES-PREPACKAGED SOFTWARE,25.0,14.04,-43.84%,2021
DICE,2021-09-15,SOUTH SAN FRANCISCO,CA,40.0,PHARMACEUTICAL PREPARATIONS,17.0,17.49,2.88%,2021
EZFL,2021-09-15,MIAMI,FL,35.0,RETAIL-AUTO DEALERS & GASOLINE STATIONS,4.0,1.19,-70.25%,2021
DH,2021-09-15,FRAMINGHAM,MA,625.0,SERVICES-PREPACKAGED SOFTWARE,27.0,22.01,-18.48%,2021
BROS,2021-09-15,GRANTS PASS,OR,8550.0,RETAIL-EATING & DRINKING PLACES,23.0,54.75,138.04%,2021
KTTA,2021-09-15,VENICE,CA,63.0,PHARMACEUTICAL PREPARATIONS,5.0,1.17,-76.60%,2021
TYRA,2021-09-15,CARLSBAD,CA,18.0,PHARMACEUTICAL PREPARATIONS,16.0,12.23,-23.56%,2021
PRCT,2021-09-15,REDWOOD CITY,CA,205.0,SURGICAL & MEDICAL INSTRUMENTS & APPARATUS,25.0,18.63,-25.48%,2021
CIIG,2021-11-05,NEW YORK,NY,3.0,BLANK CHECKS,10.0,9.84,-1.60%,2021
GIPR,2019-01-30,TAMPA,FL,4.0,REAL ESTATE INVESTMENT TRUSTS,10.0,7.06,-29.45%,2019
SQL,2021-08-27,WOBURN,MA,8.0,LABORATORY ANALYTICAL INSTRUMENTS,4.75,1.51,-68.21%,2021
RNXT,2021-08-26,SAN JOSE,CA,8.0,PHARMACEUTICAL PREPARATIONS,9.0,3.06,-66.00%,2021
JAQC,2021-10-01,HOBE SOUND,FL,4.0,BLANK CHECKS,10.0,9.60,-4.00%,2021
DATS,2021-08-13,NEW BRUNSWICK,NJ,6.0,TELEGRAPH & OTHER MESSAGE COMMUNICATIONS,4.15,2.12,-48.92%,2021
DRMA,2021-08-13,SAN DIEGO,CA,7.0,PHARMACEUTICAL PREPARATIONS,7.0,2.18,-68.86%,2021
SSBK,2021-08-12,ANNISTON,AL,195.0,STATE COMMERCIAL BANKS,19.0,22.00,15.79%,2021
ELYM,2021-08-10,REDMOND,WA,28.0,PHARMACEUTICAL PREPARATIONS,12.5,8.38,-32.96%,2021
ADGI,2021-08-06,WALTHAM,MA,75.0,"BIOLOGICAL PRODUCTS, (NO DISGNOSTIC SUBSTANCES)",17.0,7.85,-53.82%,2021
WEBR,2021-08-05,"PALATINE,",IL,2534.0,HOUSEHOLD APPLIANCES,14.0,10.58,-24.43%,2021
EWCZ,2021-08-05,PLANO,TX,158.0,SERVICES-PERSONAL SERVICES,17.0,24.39,43.47%,2021
GLEE,2021-09-27,MCLEAN,VA,6.0,BLANK CHECKS,10.0,9.98,-0.20%,2021
AMCI,2021-09-24,GREENWICH,CT,3.0,BLANK CHECKS,10.0,9.58,-4.20%,2021
OMGA,2021-07-30,CAMBRIDGE,MA,65.0,"BIOLOGICAL PRODUCTS, (NO DISGNOSTIC SUBSTANCES)",17.0,12.08,-28.94%,2021
RANI,2021-07-30,SAN JOSE,CA,91.0,PHARMACEUTICAL PREPARATIONS,11.0,20.60,87.27%,2021
INAB,2021-07-30,NEW YORK,NY,13.0,"BIOLOGICAL PRODUCTS, (NO DISGNOSTIC SUBSTANCES)",10.0,3.51,-64.90%,2021
RXST,2021-07-30,ALISO VIEJO,CA,171.0,OPHTHALMIC GOODS,16.0,10.76,-32.75%,2021
TNYA,2021-07-30,SOUTH SAN FRANCISCO,CA,100.0,"BIOLOGICAL PRODUCTS, (NO DISGNOSTIC SUBSTANCES)",15.0,11.91,-20.60%,2021
MXCT,2019-12-05,GAITHERSBURG,MD,65.0,SERVICES-COMMERCIAL PHYSICAL & BIOLOGICAL RESEARCH,13.0,5.86,-54.92%,2019
IMRX,2021-07-30,CAMBRIDGE,MA,36.0,PHARMACEUTICAL PREPARATIONS,15.0,9.45,-37.00%,2021
ICVX,2021-07-29,SEATTLE,WA,28.0,"BIOLOGICAL PRODUCTS, (NO DISGNOSTIC SUBSTANCES)",15.0,14.71,-1.93%,2021
RLYB,2021-07-29,NEW HAVEN,CT,31.0,PHARMACEUTICAL PREPARATIONS,13.0,14.03,7.92%,2021
NUVL,2021-07-29,CAMBRIDGE,MA,36.0,PHARMACEUTICAL PREPARATIONS,17.0,13.81,-18.76%,2021
COOK,2021-07-29,SALT LAKE CITY,UT,750.0,HOUSEHOLD APPLIANCES,18.0,9.39,-47.83%,2021
HOOD,2021-07-29,MENLO PARK,CA,3400.0,"SECURITY BROKERS, DEALERS & FLOTATION COMPANIES",38.0,14.15,-62.76%,2021
DUOL,2021-07-28,PITTSBURGH,PA,400.0,SERVICES-PREPACKAGED SOFTWARE,102.0,84.53,-17.13%,2021
SNPO,2021-07-28,CHARLOTTE,NC,1302.0,ELECTRONIC COMPONENTS & ACCESSORIES,18.0,18.00,0.00%,2021
MEAC,2021-09-17,HOUSTON,TX,2.0,BLANK CHECKS,10.0,9.86,-1.40%,2021
MLNK,2021-07-28,COSTA MESA,CA,544.0,SERVICES-PREPACKAGED SOFTWARE,26.0,18.99,-26.96%,2021
PWSC,2021-07-28,FOLSOM,CA,2905.0,SERVICES-PREPACKAGED SOFTWARE,18.0,15.87,-11.83%,2021
ALPA,2021-09-16,NEW YORK,NY,2.0,BLANK CHECKS,10.0,9.65,-3.50%,2021
CADL,2021-07-27,NEEDHAM,MA,50.0,"BIOLOGICAL PRODUCTS, (NO DISGNOSTIC SUBSTANCES)",8.0,4.06,-49.25%,2021
CNM,2021-07-23,ST. LOUIS,MO,3700.0,"WHOLESALE-DURABLE GOODS, NEC",20.0,23.64,18.20%,2021
XPOF,2021-07-23,IRVINE,CA,600.0,SERVICES-MISCELLANEOUS AMUSEMENT & RECREATION,12.0,17.50,45.83%,2021
CRBU,2021-07-23,BERKELEY,CA,76.0,"BIOLOGICAL PRODUCTS, (NO DISGNOSTIC SUBSTANCES)",16.0,10.47,-34.56%,2021
OB,2021-07-23,NEW YORK,NY,863.0,"SERVICES-COMPUTER PROGRAMMING, DATA PROCESSING, ETC.",20.0,12.51,-37.45%,2021
BLNG,2021-09-13,BROOKLINE,MA,2.0,BLANK CHECKS,10.0,9.75,-2.50%,2021
CTKB,2021-07-23,FREMONT,CA,462.0,LABORATORY ANALYTICAL INSTRUMENTS,17.0,13.44,-20.94%,2021
RYAN,2021-07-22,CHICAGO,IL,3427.0,"INSURANCE AGENTS, BROKERS & SERVICE",23.5,37.05,57.66%,2021
BASE,2021-07-22,SANTA CLARA,CA,644.0,SERVICES-PREPACKAGED SOFTWARE,24.0,22.12,-7.83%,2021
ABSI,2021-07-22,VANCOUVER,WA,169.0,SERVICES-COMMERCIAL PHYSICAL & BIOLOGICAL RESEARCH,16.0,6.96,-56.50%,2021
INST,2021-07-22,SALT LAKE CITY,UT,1110.0,SERVICES-PREPACKAGED SOFTWARE,20.0,22.39,11.95%,2021
ZVIA,2021-07-22,ENCINO,CA,15.0,BOTTLED & CANNED SOFT DRINKS & CARBONATED WATERS,14.0,8.74,-37.57%,2021
LAW,2021-07-21,AUSTIN,TX,336.0,SERVICES-PREPACKAGED SOFTWARE,32.0,30.80,-3.75%,2021
VEEE,2021-07-21,FT. PIERCE,FL,115.0,SHIP & BOAT BUILDING & REPAIRING,6.0,3.38,-43.67%,2021
KLTR,2021-07-21,NEW YORK,NY,408.0,SERVICES-PREPACKAGED SOFTWARE,10.0,3.29,-67.10%,2021
HCWB,2021-07-20,MIRAMAR,FL,40.0,PHARMACEUTICAL PREPARATIONS,8.0,2.11,-73.63%,2021
BRDG,2021-07-16,SALT LAKE CITY,UT,1650.0,INVESTMENT ADVICE,16.0,21.50,34.38%,2021
ERAS,2021-07-16,SAN DIEGO,CA,102.0,PHARMACEUTICAL PREPARATIONS,16.0,11.15,-30.31%,2021
TCRX,2021-07-16,WALTHAM,MA,95.0,"BIOLOGICAL PRODUCTS, (NO DISGNOSTIC SUBSTANCES)",15.0,4.63,-69.13%,2021
BLND,2021-07-16,SAN FRANCISCO,CA,577.0,"SERVICES-COMPUTER PROGRAMMING, DATA PROCESSING, ETC.",18.0,8.26,-54.11%,2021
IMGO,2021-07-16,SOUTH SAN FRANCISCO,CA,20.0,PHARMACEUTICAL PREPARATIONS,16.0,19.79,23.69%,2021
RPID,2021-07-15,LOWELL,MA,160.0,LABORATORY ANALYTICAL INSTRUMENTS,20.0,6.84,-65.80%,2021
SERA,2021-07-15,SALT LAKE CITY,UT,76.0,SERVICES-MEDICAL LABORATORIES,16.0,7.00,-56.25%,2021
FXLV,2021-07-15,EL SEGUNDO,CA,122.0,WHOLESALE-PROFESSIONAL & COMMERCIAL EQUIPMENT & SUPPLIES,16.0,11.77,-26.44%,2021
SGHT,2021-07-15,MENLO PARK,CA,184.0,SURGICAL & MEDICAL INSTRUMENTS & APPARATUS,24.0,14.64,-39.00%,2021
MCG,2021-07-15,NEW YORK,NY,4815.0,HOTELS & MOTELS,14.0,8.04,-42.57%,2021
UPTD,2021-09-07,NEW YORK,NY,3.0,BLANK CHECKS,10.0,9.94,-0.60%,2021
UNCY,2021-07-13,LOS ALTOS,CA,1.0,PHARMACEUTICAL PREPARATIONS,5.0,1.34,-73.20%,2021
RNAZ,2021-07-09,BOSTON,MA,6.0,PHARMACEUTICAL PREPARATIONS,4.0,2.42,-39.50%,2021
MITQ,2021-07-08,FOUNTAIN VALLEY,CA,18.0,PHOTOGRAPHIC EQUIPMENT & SUPPLIES,3.0,1.24,-58.67%,2021
ABOS,2021-07-01,CHARLOTTESVILLE,VA,7.0,"BIOLOGICAL PRODUCTS, (NO DISGNOSTIC SUBSTANCES)",16.0,4.79,-70.06%,2021
CURV,2021-07-01,CITY OF INDUSTRY,CA,7308.0,RETAIL-APPAREL & ACCESSORY STORES,21.0,8.61,-59.00%,2021
DNUT,2021-07-01,CHARLOTTE,NC,21000.0,RETAIL-FOOD STORES,17.0,14.24,-16.24%,2021
EVCM,2021-07-01,DENVER,CO,1750.0,SERVICES-PREPACKAGED SOFTWARE,17.0,11.64,-31.53%,2021
VRAR,2021-07-01,NEW YORK,NY,65.0,SERVICES-COMPUTER PROGRAMMING SERVICES,7.0,8.88,26.86%,2021
CORS,2021-08-23,NEW YORK,NY,3.0,BLANK CHECKS,10.0,9.68,-3.20%,2021
S,2021-06-30,MOUNTAIN VIEW,CA,1080.0,SERVICES-PREPACKAGED SOFTWARE,35.0,40.90,16.86%,2021
IAS,2021-06-30,NEW YORK,NY,651.0,"SERVICES-COMPUTER PROGRAMMING, DATA PROCESSING, ETC.",18.0,17.15,-4.72%,2021
XMTR,2021-06-30,DERWOOD,MD,380.0,"SERVICES-BUSINESS SERVICES, NEC",44.0,42.15,-4.20%,2021
AVTE,2021-06-30,BOSTON,MA,8.0,PHARMACEUTICAL PREPARATIONS,14.0,9.24,-34.04%,2021
CVRX,2021-06-30,MINNEAPOLIS,MN,63.0,SURGICAL & MEDICAL INSTRUMENTS & APPARATUS,18.0,7.79,-56.72%,2021
LZ,2021-06-30,GLENDALE,CA,1055.0,SERVICES-COMPUTER PROCESSING & DATA PREPARATION,28.0,15.37,-45.11%,2021
YOU,2021-06-30,NEW YORK,NY,1646.0,SERVICES-PREPACKAGED SOFTWARE,31.0,23.40,-24.52%,2021
INTA,2021-06-30,PALO ALTO,CA,749.0,SERVICES-PREPACKAGED SOFTWARE,26.0,19.01,-26.88%,2021
GRPH,2021-06-25,SOUTH SAN FRANCISCO,CA,27.0,"BIOLOGICAL PRODUCTS, (NO DISGNOSTIC SUBSTANCES)",17.0,9.09,-46.53%,2021
MCW,2021-06-25,TUCSON,AZ,6392.0,"SERVICES-AUTOMOTIVE REPAIR, SERVICES & PARKING",15.0,16.45,9.67%,2021
TKNO,2021-06-25,HOLLISTER,CA,194.0,IN VITRO & IN VIVO DIAGNOSTIC SUBSTANCES,16.0,14.62,-8.63%,2021
ACXP,2021-06-25,STATEN ISLAND,NY,3.0,PHARMACEUTICAL PREPARATIONS,6.0,3.97,-33.83%,2021
ELEV,2021-06-25,NEW YORK,NY,17.0,"BIOLOGICAL PRODUCTS, (NO DISGNOSTIC SUBSTANCES)",16.0,4.12,-74.25%,2021
GLUE,2021-06-24,BOSTON,MA,94.0,"BIOLOGICAL PRODUCTS, (NO DISGNOSTIC SUBSTANCES)",19.0,12.53,-34.05%,2021
CFLT,2021-06-24,MOUNTAIN VIEW,CA,1473.0,SERVICES-PREPACKAGED SOFTWARE,36.0,63.66,76.83%,2021
GRVI,2021-06-24,HENDERSON,NV,122.0,MEDICINAL CHEMICALS & BOTANICAL PRODUCTS,5.0,4.46,-10.80%,2021
MIRO,2021-06-24,EDEN PRAIRIE,MN,36.0,"BIOLOGICAL PRODUCTS, (NO DISGNOSTIC SUBSTANCES)",9.0,3.94,-56.28%,2021
BHG,2021-06-24,MINNEAPOLIS,MN,2056.0,HOSPITAL & MEDICAL SERVICE PLANS,18.0,2.70,-85.00%,2021
DOCS,2021-06-24,SAN FRANCISCO,CA,713.0,SERVICES-COMPUTER PROGRAMMING SERVICES,26.0,45.70,75.77%,2021
FA,2021-06-23,ATLANTA,GA,4200.0,"SERVICES-BUSINESS SERVICES, NEC",15.0,16.44,9.60%,2021
CXM,2021-06-23,NEW YORK,NY,2469.0,SERVICES-PREPACKAGED SOFTWARE,16.0,10.52,-34.25%,2021
FEMY,2021-06-18,SUWANEE,GA,27.0,SURGICAL & MEDICAL INSTRUMENTS & APPARATUS,13.0,3.04,-76.62%,2021
CYT,2021-06-18,LEXINGTON,MA,31.0,PHARMACEUTICAL PREPARATIONS,18.0,5.51,-69.39%,2021
DNAY,2021-06-18,SAN DIEGO,CA,133.0,LABORATORY ANALYTICAL INSTRUMENTS,16.0,7.45,-53.44%,2021
IPSC,2021-06-18,PHILADELPHIA,PA,121.0,"BIOLOGICAL PRODUCTS, (NO DISGNOSTIC SUBSTANCES)",20.0,11.64,-41.80%,2021
ATAI,2021-06-18,NEW YORK,NY,35.0,PHARMACEUTICAL PREPARATIONS,15.0,5.05,-66.33%,2021
VERV,2021-06-17,CAMBRIDGE,MA,70.0,PHARMACEUTICAL PREPARATIONS,19.0,26.26,38.21%,2021
AOMR,2021-06-17,ATLANTA,GA,850.0,REAL ESTATE,19.0,16.88,-11.16%,2021
LYEL,2021-06-17,SOUTH SAN FRANCISCO,CA,190.0,PHARMACEUTICAL PREPARATIONS,17.0,5.67,-66.65%,2021
ISPC,2021-06-17,LEXINGTON,MA,46.0,SERVICES-COMMERCIAL PHYSICAL & BIOLOGICAL RESEARCH,8.0,4.94,-38.25%,2021
CNVY,2021-06-16,FT. LAUDERDALE,FL,3195.0,"SERVICES-MISC HEALTH & ALLIED SERVICES, NEC",14.0,7.31,-47.79%,2021
ALZN,2021-06-15,TAMPA,FL,7.0,PHARMACEUTICAL PREPARATIONS,5.0,1.45,-71.00%,2021
JANX,2021-06-11,SAN DIEGO,CA,28.0,PHARMACEUTICAL PREPARATIONS,17.0,14.41,-15.24%,2021
TASK,2021-06-11,NEW BRAUNFELS,TX,27500.0,SERVICES-COMPUTER PROCESSING & DATA PREPARATION,23.0,29.06,26.35%,2021
LFST,2021-06-10,SCOTTSDALE,AZ,4915.0,SERVICES-HEALTH SERVICES,18.0,7.01,-61.06%,2021
ZETA,2021-06-10,NEW YORK,NY,1296.0,SERVICES-PREPACKAGED SOFTWARE,10.0,9.47,-5.30%,2021
DIBS,2021-06-10,NEW YORK,NY,309.0,RETAIL-CATALOG & MAIL-ORDER HOUSES,20.0,9.39,-53.05%,2021
MQ,2021-06-09,OAKLAND,CA,696.0,SERVICES-PREPACKAGED SOFTWARE,27.0,9.82,-63.63%,2021
GACQ,2021-07-30,MARIETTA,NY,1.0,BLANK CHECKS,10.0,9.92,-0.80%,2021
DAWN,2021-05-27,SOUTH SAN FRANCISCO,CA,42.0,PHARMACEUTICAL PREPARATIONS,16.0,14.09,-11.94%,2021
FIGS,2021-05-27,SANTA MONICA,CA,202.0,APPAREL & OTHER FINISHD PRODS OF FABRICS & SIMILAR MATL,22.0,20.37,-7.41%,2021
OMIC,2021-05-27,LA JOLLA,CA,200.0,LABORATORY ANALYTICAL INSTRUMENTS,22.0,7.91,-64.05%,2021
ZIP,2021-05-26,SANTA MONICA,CA,772.0,"SERVICES-COMPUTER PROGRAMMING, DATA PROCESSING, ETC.",18.0,21.03,16.83%,2021
FLYW,2021-05-26,BOSTON,MA,473.0,"SERVICES-BUSINESS SERVICES, NEC",24.0,27.45,14.38%,2021
PAY,2021-05-26,REDMOND,WA,916.0,"SERVICES-BUSINESS SERVICES, NEC",21.0,27.85,32.62%,2021
PCOR,2021-05-20,CARPINTERIA,CA,2063.0,SERVICES-PREPACKAGED SOFTWARE,67.0,59.61,-11.03%,2021
SQSP,2021-05-19,NEW YORK,NY,1261.0,SERVICES-PREPACKAGED SOFTWARE,50.0,29.02,-41.96%,2021
DBGI,2021-05-14,VERNON,CA,9.0,RETAIL-APPAREL & ACCESSORY STORES,4.15,1.28,-69.16%,2021
VERA,2021-05-14,SOUTH SAN FRANCISCO,CA,9.0,PHARMACEUTICAL PREPARATIONS,11.0,18.85,71.36%,2021
IPW,2021-05-12,DUARTE,CA,28.0,"RETAIL-BUILDING MATERIALS, HARDWARE, GARDEN SUPPLY",5.0,1.84,-63.20%,2021
BWMN,2021-05-07,RESTON,VA,750.0,SERVICES-MANAGEMENT CONSULTING SERVICES,14.0,16.22,15.86%,2021
TALS,2021-05-07,LOUISVILLE,KY,107.0,"BIOLOGICAL PRODUCTS, (NO DISGNOSTIC SUBSTANCES)",17.0,8.42,-50.47%,2021
ANEB,2021-05-07,LAKEWAY,TX,3.0,PHARMACEUTICAL PREPARATIONS,7.0,7.21,3.00%,2021
HNST,2021-05-05,LOS ANGELES,CA,191.0,RETAIL-CATALOG & MAIL-ORDER HOUSES,16.0,6.13,-61.69%,2021
FSBC,2021-05-05,RANCHO CORDOVA,CA,156.0,STATE COMMERCIAL BANKS,20.0,30.43,52.15%,2021
ALF,2021-05-04,MIAMI BEACH,DC,21.0,"SERVICES-COMPUTER PROGRAMMING, DATA PROCESSING, ETC.",4.15,1.58,-61.93%,2021
HOWL,2021-04-30,CAMBRIDGE,MA,36.0,PHARMACEUTICAL PREPARATIONS,16.0,7.06,-55.88%,2021
PRVA,2021-04-29,ARLINGTON,VA,559.0,SERVICES-HEALTH SERVICES,23.0,21.69,-5.70%,2021
EDR,2021-04-29,BEVERLY HILLS,CA,6400.0,SERVICES-AMUSEMENT & RECREATION SERVICES,24.0,30.57,27.38%,2021
AVAH,2021-04-29,ATLANTA,GA,42000.0,SERVICES-HOME HEALTH CARE SERVICES,12.0,5.31,-55.75%,2021
FTCI,2021-04-28,AUSTIN,TX,216.0,SEMICONDUCTORS & RELATED DEVICES,13.0,3.71,-71.46%,2021
SWIM,2021-04-23,LATHAM,NY,2175.0,"PLASTICS PRODUCTS, NEC",19.0,15.80,-16.84%,2021
RAIN,2021-04-23,NEWARK,CA,17.0,PHARMACEUTICAL PREPARATIONS,17.0,7.90,-53.53%,2021
AGTI,2019-06-06,MINNEAPOLIS,MN,3852.0,SERVICES-MISCELLANEOUS EQUIPMENT RENTAL & LEASING,14.0,18.05,28.93%,2019
IMPL,2021-04-23,SEATTLE,WA,64.0,PHARMACEUTICAL PREPARATIONS,15.0,7.81,-47.93%,2021
TMCI,2021-04-23,PONTE VEDRA,FL,133.0,SURGICAL & MEDICAL INSTRUMENTS & APPARATUS,17.0,18.90,11.18%,2021
NPCE,2021-04-22,MOUNTAIN VIEW,CA,165.0,SURGICAL & MEDICAL INSTRUMENTS & APPARATUS,17.0,7.51,-55.82%,2021
ZY,2021-04-22,EMERYVILLE,CA,762.0,SERVICES-COMMERCIAL PHYSICAL & BIOLOGICAL RESEARCH,31.0,4.27,-86.23%,2021
KNBE,2021-04-22,CLEARWATER,FL,1296.0,"SERVICES-COMPUTER PROGRAMMING, DATA PROCESSING, ETC.",16.0,23.03,43.94%,2021
DV,2021-04-21,NEW YORK,NY,647.0,"SERVICES-COMPUTER PROGRAMMING, DATA PROCESSING, ETC.",27.0,25.35,-6.11%,2021
SKYT,2021-04-21,BLOOMINGTON,MN,500.0,SEMICONDUCTORS & RELATED DEVICES,14.0,9.23,-34.07%,2021
PATH,2021-04-21,NEW YORK,NY,2863.0,SERVICES-PREPACKAGED SOFTWARE,56.0,33.36,-40.43%,2021
TRKA,2021-04-20,LOS ANGELES,CA,101.0,CABLE & OTHER PAY TELEVISION SERVICES,4.5,1.06,-76.44%,2021
AKYA,2021-04-16,MARLBOROUGH,MA,169.0,LABORATORY ANALYTICAL INSTRUMENTS,20.0,10.93,-45.35%,2021
BMEA,2021-04-16,REDWOOD CITY,CA,47.0,PHARMACEUTICAL PREPARATIONS,17.0,6.34,-62.71%,2021
RXRX,2021-04-16,SALT LAKE CITY,UT,218.0,"BIOLOGICAL PRODUCTS, (NO DISGNOSTIC SUBSTANCES)",18.0,11.33,-37.06%,2021
APP,2021-04-15,PALO ALTO,CA,902.0,"SERVICES-COMPUTER PROGRAMMING, DATA PROCESSING, ETC.",80.0,61.31,-23.36%,2021
TSP,2021-04-15,SAN DIEGO,CA,1000.0,SERVICES-COMPUTER INTEGRATED SYSTEMS DESIGN,40.0,16.04,-59.90%,2021
AGL,2021-04-15,LONG BEACH,CA,552.0,"SERVICES-MISC HEALTH & ALLIED SERVICES, NEC",23.0,16.74,-27.22%,2021
EBET,2021-04-15,LAS VEGAS,NV,60.0,SERVICES-AMUSEMENT & RECREATION SERVICES,6.0,11.18,86.33%,2021
COIN,2021-04-14,WILMINGTON,DE,2781.0,FINANCE SERVICES,250.0,181.31,-27.48%,2021
ALKT,2021-04-14,PLANO,TX,609.0,SERVICES-PREPACKAGED SOFTWARE,30.0,14.60,-51.33%,2021
RPHM,2021-04-09,IRVINE,CA,34.0,PHARMACEUTICAL PREPARATIONS,15.0,5.78,-61.47%,2021
PANA,2021-04-07,SAN FRANCISCO,CA,5.0,BLANK CHECKS,10.0,9.70,-3.00%,2021
COMP,2021-04-01,NEW YORK,NY,2702.0,SERVICES-COMPUTER PROGRAMMING SERVICES,18.0,7.90,-56.11%,2021
ULCC,2021-04-01,DENVER,CO,5405.0,"AIR TRANSPORTATION, SCHEDULED",19.0,12.57,-33.84%,2021
COUR,2021-03-31,MOUNTAIN VIEW,CA,779.0,SERVICES-PREPACKAGED SOFTWARE,33.0,19.97,-39.48%,2021
MBTC,2021-05-03,LA JOLLA,CA,2.0,BLANK CHECKS,10.0,10.04,0.35%,2021
TWOA,2021-03-30,SAN FRANCISCO,CA,3.0,BLANK CHECKS,10.0,9.71,-2.90%,2021
EWTX,2021-03-26,BOULDER,CO,30.0,PHARMACEUTICAL PREPARATIONS,16.0,12.62,-21.13%,2021
ALHC,2021-03-26,ORANGE,CA,775.0,HOSPITAL & MEDICAL SERVICE PLANS,18.0,7.72,-57.11%,2021
TDUP,2021-03-26,OAKLAND,CA,1862.0,RETAIL-CATALOG & MAIL-ORDER HOUSES,14.0,7.91,-43.50%,2021
IKNA,2021-03-26,BOSTON,MA,33.0,"BIOLOGICAL PRODUCTS, (NO DISGNOSTIC SUBSTANCES)",16.0,9.76,-39.00%,2021
DSGN,2021-03-26,CARLSBAD,CA,33.0,PHARMACEUTICAL PREPARATIONS,20.0,12.57,-37.15%,2021
MSDA,2021-05-17,NEW YORK,NY,2.0,BLANK CHECKS,10.0,9.79,-2.10%,2021
VZIO,2021-03-25,IRVINE,CA,527.0,HOUSEHOLD AUDIO & VIDEO EQUIPMENT,21.0,13.77,-34.43%,2021
LCA,2021-05-17,HOUSTON,TX,5.0,BLANK CHECKS,10.0,9.72,-2.80%,2021
DSEY,2021-03-25,FORT MILL,SC,8600.0,"SPECIALTY CLEANING, POLISHING AND SANITATION PREPARATIONS",15.0,10.87,-27.53%,2021
CRCT,2021-03-25,SOUTH JORDAN,UT,820.0,"SPECIAL INDUSTRY MACHINERY, NEC",20.0,18.23,-8.85%,2021
SEMR,2021-03-25,BOSTON,MA,980.0,SERVICES-PREPACKAGED SOFTWARE,14.0,16.45,17.50%,2021
DISA,2021-05-14,AUSTIN,TX,4.0,BLANK CHECKS,10.0,9.75,-2.50%,2021
NGC,2021-05-14,KANSAS CITY,MO,3.0,BLANK CHECKS,10.0,9.73,-2.70%,2021
DOCN,2021-03-24,NEW YORK,NY,581.0,"SERVICES-COMPUTER PROGRAMMING, DATA PROCESSING, ETC.",47.0,53.67,14.19%,2021
KVSC,2021-03-24,MENLO PARK,CA,3.0,BLANK CHECKS,10.0,9.71,-2.90%,2021
CRZN,2021-05-14,CHICAGO,IL,3.0,BLANK CHECKS,10.0,9.69,-3.15%,2021
ACTD,2021-05-13,BOSTON,MA,3.0,BLANK CHECKS,10.0,9.87,-1.30%,2021
LEGA,2021-05-13,NEW YORK,NY,3.0,BLANK CHECKS,10.0,9.72,-2.80%,2021
VGII,2021-05-13,NEW YORK,NY,2.0,BLANK CHECKS,10.0,9.88,-1.20%,2021
MOVE,2021-03-23,PLEASANTON,CA,15.0,ELECTROMEDICAL & ELECTROTHERAPEUTIC APPARATUS,5.0,2.48,-50.50%,2021
GGPI,2021-05-13,BOULDER,CO,3.0,BLANK CHECKS,10.0,10.26,2.60%,2021
STRE,2021-05-13,WASHINGTON,DC,4.0,BLANK CHECKS,10.0,9.73,-2.70%,2021
NBST,2021-04-16,BOSTON,MA,2.0,BLANK CHECKS,10.0,9.70,-3.00%,2021
GLHA,2021-05-13,DALLAS,TX,2.0,BLANK CHECKS,10.0,9.67,-3.30%,2021
DGNU,2021-03-23,SAN FRANCISCO,CA,2.0,BLANK CHECKS,10.0,9.75,-2.50%,2021
BYTS,2021-05-10,NEW YORK,NY,2.0,BLANK CHECKS,10.0,9.67,-3.30%,2021
FNCH,2021-03-19,SOMERVILLE,MA,191.0,"BIOLOGICAL PRODUCTS, (NO DISGNOSTIC SUBSTANCES)",17.0,8.29,-51.24%,2021
GGMC,2021-05-11,NEW YORK,NY,5.0,BLANK CHECKS,10.0,9.70,-3.00%,2021
LDHA,2021-05-10,MIAMI,FL,5.0,BLANK CHECKS,10.0,9.71,-2.90%,2021
LGV,2021-05-10,NEW YORK,NY,3.0,SURGICAL & MEDICAL INSTRUMENTS & APPARATUS,10.0,9.71,-2.90%,2021
TIL,2021-03-19,DALLAS,TX,382.0,"BIOLOGICAL PRODUCTS, (NO DISGNOSTIC SUBSTANCES)",20.0,11.22,-43.90%,2021
AFAQ,2021-05-18,PALM BEACH,FL,3.0,BLANK CHECKS,10.0,9.66,-3.40%,2021
REVH,2021-05-10,CAMBRIDGE,MA,4.0,BLANK CHECKS,10.0,9.72,-2.80%,2021
FMIV,2021-05-13,DELRAY BEACH,FL,2.0,BLANK CHECKS,10.0,9.73,-2.70%,2021
GXII,2021-05-10,NEW YORK,NY,6.0,BLANK CHECKS,10.0,9.68,-3.20%,2021
AMAO,2021-04-29,FISHERS,IN,2.0,BLANK CHECKS,10.0,10.05,0.50%,2021
AAQC,2021-05-10,SHORT HILLS,NJ,3.0,BLANK CHECKS,10.0,9.71,-2.90%,2021
GANX,2021-03-18,BETHESDA,MD,16.0,PHARMACEUTICAL PREPARATIONS,11.0,4.55,-58.64%,2021
RACB,2021-03-18,LAS VEGAS,NV,3.0,BLANK CHECKS,10.0,9.77,-2.30%,2021
NAPA,2021-03-18,SAINT HELENA,CA,474.0,BEVERAGES,15.0,19.46,29.73%,2021
GAMC,2021-05-07,NEW YORK,NY,1.0,BLANK CHECKS,10.0,9.72,-2.80%,2021
OLO,2021-03-17,NEW YORK,NY,433.0,"SERVICES-BUSINESS SERVICES, NEC",25.0,16.42,-34.32%,2021
TETC,2021-05-07,NEW YORK,NY,4.0,BLANK CHECKS,10.0,9.72,-2.80%,2021
SNCY,2021-03-17,MINNEAPOLIS,MN,1699.0,"AIR TRANSPORTATION, SCHEDULED",24.0,26.25,9.38%,2021
KSI,2021-05-07,NEW YORK,NY,4.0,BLANK CHECKS,10.0,9.67,-3.30%,2021
BGSX,2021-05-07,AUSTIN,TX,3.0,BLANK CHECKS,10.0,9.75,-2.50%,2021
KAHC,2021-05-07,NEW YORK,NY,1.0,BLANK CHECKS,10.0,9.74,-2.60%,2021
WALD,2021-05-10,WHITE PLAINS,NY,4.0,BLANK CHECKS,10.0,9.89,-1.10%,2021
FZT,2021-05-06,RIDGEFIELD,CT,4.0,BLANK CHECKS,10.0,9.73,-2.70%,2021
PLMI,2021-05-06,SAN FRANCISCO,CA,4.0,BLANK CHECKS,10.0,9.70,-3.00%,2021
FVIV,2021-05-06,NEW YORK,NY,4.0,BLANK CHECKS,10.0,9.74,-2.60%,2021
GTPA,2021-05-03,BOULDER,CO,3.0,BLANK CHECKS,10.0,9.71,-2.90%,2021
FTPA,2021-05-03,PHILADELPHIA,PA,2.0,BLANK CHECKS,10.0,9.69,-3.10%,2021
RXDX,2021-03-12,SAN DIEGO,CA,36.0,PHARMACEUTICAL PREPARATIONS,19.0,35.29,85.74%,2021
JOAN,2021-03-12,HUDSON,OH,27500.0,RETAIL-MISCELLANEOUS SHOPPING GOODS STORES,12.0,11.12,-7.33%,2021
HAYW,2021-03-12,BERKELEY HEIGHTS,NJ,2555.0,REFRIGERATION & SERVICE INDUSTRY MACHINERY,17.0,18.99,11.71%,2021
ROSS,2021-05-03,PALM BEACH,FL,3.0,BLANK CHECKS,10.0,9.73,-2.70%,2021
LBPH,2021-03-12,LA JOLLA,CA,14.0,PHARMACEUTICAL PREPARATIONS,16.0,4.28,-73.25%,2021
SCAQ,2021-05-03,SAN FRANCISCO,CA,2.0,BLANK CHECKS,10.0,9.68,-3.20%,2021
GTPB,2021-05-03,BOULDER,CO,3.0,BLANK CHECKS,10.0,9.70,-3.00%,2021
CFFE,2021-05-03,NEW YORK,NY,3.0,BLANK CHECKS,10.0,9.95,-0.50%,2021
SPKB,2021-05-03,NEW YORK,NY,3.0,BLANK CHECKS,10.0,9.80,-2.00%,2021
PTOC,2021-05-03,AURORA,OH,2.0,BLANK CHECKS,10.0,9.89,-1.10%,2021
FRON,2021-05-03,NEW YORK,NY,4.0,BLANK CHECKS,10.0,9.69,-3.10%,2021
ESM,2021-04-30,HOUSTON,TX,2.0,BLANK CHECKS,10.0,9.70,-3.00%,2021
VAQC,2021-03-10,SAN FRANCISCO,CA,3.0,BLANK CHECKS,10.0,9.73,-2.70%,2021
FRW,2021-04-30,NEW YORK,NY,1.0,BLANK CHECKS,10.0,9.71,-2.90%,2021
CLAA,2021-04-30,WEST PALM BEACH,FL,1.0,BLANK CHECKS,10.0,9.72,-2.80%,2021
AGGR,2021-04-30,NEWTON,MA,5.0,BLANK CHECKS,10.0,9.67,-3.27%,2021
RBLX,2021-03-10,SAN MATEO,CA,960.0,SERVICES-PREPACKAGED SOFTWARE,45.0,60.67,34.82%,2021
DTOC,2021-04-30,BELLEVUE,WA,2.0,BLANK CHECKS,10.0,9.71,-2.90%,2021
SBII,2021-04-30,NEW YORK,NY,3.0,BLANK CHECKS,10.0,9.72,-2.80%,2021
FRXB,2021-04-30,NEW YORK,NY,5.0,BLANK CHECKS,10.0,9.71,-2.90%,2021
SVFC,2021-03-09,SAN CARLOS,CA,2.0,BLANK CHECKS,10.0,9.85,-1.50%,2021
PDOT,2021-04-29,HOUSTON,TX,2.0,BLANK CHECKS,10.0,9.71,-2.90%,2021
ACQR,2021-04-29,NEW YORK,NY,3.0,BLANK CHECKS,10.0,9.71,-2.90%,2021
SVFB,2021-03-09,SAN CARLOS,CA,2.0,BLANK CHECKS,10.0,9.78,-2.20%,2021
LHAA,2021-03-05,NEW YORK,NY,3.0,BLANK CHECKS,10.0,9.67,-3.30%,2021
TWNT,2021-04-23,NEW YORK,NY,2.0,BLANK CHECKS,10.0,9.90,-1.00%,2021
IPVA,2021-04-26,NEW YORK,NY,5.0,BLANK CHECKS,10.0,9.70,-3.00%,2021
IPVF,2021-04-26,NEW YORK,NY,4.0,"SECURITY BROKERS, DEALERS & FLOTATION COMPANIES",10.0,9.92,-0.80%,2021
FRSG,2021-04-26,STAMFORD,CT,3.0,BLANK CHECKS,10.0,9.83,-1.70%,2021
ATVC,2021-05-18,SAN FRANCISCO,CA,4.0,BLANK CHECKS,10.0,9.71,-2.90%,2021
IPVI,2021-04-26,NEW YORK,NY,4.0,BLANK CHECKS,10.0,9.74,-2.60%,2021
RXRA,2021-04-26,UNIONDALE,NY,3.0,BLANK CHECKS,10.0,9.73,-2.70%,2021
HERA,2021-04-26,QUAKERTOWN,PA,2.0,BLANK CHECKS,10.0,9.73,-2.70%,2021
ACAH,2021-04-26,NEW YORK,NY,5.0,BLANK CHECKS,10.0,9.87,-1.30%,2021
TRCA,2021-04-26,NAPLES,FL,2.0,BLANK CHECKS,10.0,9.71,-2.90%,2021
MBAC,2021-04-26,NEW YORK,NY,3.0,"COMMUNICATIONS SERVICES, NEC",10.0,9.99,-0.10%,2021
PSAG,2021-04-09,NEW YORK,NY,2.0,BLANK CHECKS,10.0,9.70,-3.00%,2021
INNV,2021-03-04,DENVER,CO,1800.0,SERVICES-HEALTH SERVICES,21.0,4.92,-76.57%,2021
ATAQ,2021-04-26,NEW YORK,NY,2.0,BLANK CHECKS,10.0,9.74,-2.60%,2021
KVSA,2021-03-04,MENLO PARK,CA,3.0,PHARMACEUTICAL PREPARATIONS,10.0,9.74,-2.60%,2021
MACC,2021-04-23,PHOENIX,AZ,3.0,BLANK CHECKS,10.0,9.71,-2.90%,2021
OSCR,2021-03-03,NEW YORK,NY,1839.0,HOSPITAL & MEDICAL SERVICE PLANS,39.0,6.26,-83.95%,2021
ROCR,2021-03-22,NEWPORT BEACH,CA,5.0,"WATER, SEWER, PIPELINE, COMM & POWER LINE CONSTRUCTION",10.0,9.98,-0.20%,2021
NSTD,2021-04-22,NEW YORK,NY,3.0,BLANK CHECKS,10.0,9.71,-2.90%,2021
LOKM,2021-04-22,MEMPHIS,TN,3.0,BLANK CHECKS,10.0,9.72,-2.80%,2021
HYAC,2021-04-22,NEW YORK,NY,4.0,BLANK CHECKS,10.0,9.85,-1.50%,2021
ANZU,2021-04-22,TAMPA,FL,3.0,BLANK CHECKS,10.0,9.73,-2.70%,2021
ARRW,2021-04-22,WESTON,MA,2.0,BLANK CHECKS,10.0,9.70,-3.00%,2021
NDAC,2021-04-22,SAN FRANCISCO,CA,2.0,BLANK CHECKS,10.0,9.69,-3.10%,2021
AMPI,2021-04-22,NEW YORK,NY,3.0,BLANK CHECKS,10.0,9.70,-3.00%,2021
SNII,2021-04-22,WASHINGTON,DC,4.0,BLANK CHECKS,10.0,9.90,-1.00%,2021
OHPA,2021-04-22,NEW YORK,NY,1.0,BLANK CHECKS,10.0,9.70,-3.00%,2021
FTEV,2021-04-22,NEW YORK,NY,2.0,BLANK CHECKS,10.0,9.70,-3.00%,2021
TSPQ,2021-04-22,LOS ANGELES,CA,4.0,BLANK CHECKS,10.0,9.72,-2.80%,2021
DHCA,2021-04-22,SOUTHLAKE,TX,2.0,BLANK CHECKS,10.0,9.71,-2.90%,2021
DHBC,2021-04-22,NEW YORK,NY,3.0,BLANK CHECKS,10.0,9.70,-3.00%,2021
NSTC,2021-04-22,NEW YORK,NY,3.0,BLANK CHECKS,10.0,9.72,-2.80%,2021
AGAC,2021-03-25,NEW YORK,NY,3.0,BLANK CHECKS,10.0,9.72,-2.80%,2021
SBEA,2021-04-19,AUSTIN,TX,5.0,BLANK CHECKS,10.0,10.05,0.50%,2021
AUS,2021-04-19,LAS VEGAS,NV,5.0,SERVICES-MISCELLANEOUS AMUSEMENT & RECREATION,10.0,9.74,-2.60%,2021
FSNB,2021-04-19,NEW YORK,NY,2.0,BLANK CHECKS,10.0,9.72,-2.80%,2021
ARYD,2021-02-26,NEW YORK,NY,3.0,"BIOLOGICAL PRODUCTS, (NO DISGNOSTIC SUBSTANCES)",10.0,9.91,-0.90%,2021
WARR,2021-04-19,MIDLAND,TX,1.0,BLANK CHECKS,10.0,9.84,-1.60%,2021
ASZ,2021-04-19,LAS VEGAS,NV,5.0,BLANK CHECKS,10.0,9.74,-2.60%,2021
TWLV,2021-04-19,NEW YORK,NY,2.0,BLANK CHECKS,10.0,9.73,-2.70%,2021
IBER,2021-04-19,PHILADELPHIA,PA,3.0,BLANK CHECKS,10.0,9.69,-3.10%,2021
HUGS,2021-04-19,NEW YORK,NY,2.0,BLANK CHECKS,10.0,10.37,3.70%,2021
ISLE,2021-03-29,ST. PETERSBURG,FL,2.0,BLANK CHECKS,10.0,9.84,-1.60%,2021
EJFA,2021-04-19,ARLINGTON,VA,4.0,BLANK CHECKS,10.0,9.96,-0.45%,2021
GIIX,2021-04-19,BOULDER,CO,3.0,BLANK CHECKS,10.0,9.93,-0.70%,2021
FLME,2021-04-19,HOUSTON,TX,2.0,BLANK CHECKS,10.0,9.70,-3.00%,2021
BOAS,2021-04-05,WASHINGTON,DC,4.0,BLANK CHECKS,10.0,9.86,-1.40%,2021
GLBL,2021-04-16,NEW YORK,NY,2.0,BLANK CHECKS,10.0,9.90,-1.00%,2021
HIII,2021-04-16,NEW YORK,NY,2.0,BLANK CHECKS,10.0,9.72,-2.80%,2021
COLI,2021-04-16,KIRKLAND,WA,3.0,BLANK CHECKS,10.0,9.70,-3.05%,2021
ANAC,2021-04-15,DALLAS,TX,1.0,BLANK CHECKS,10.0,9.71,-2.90%,2021
SLAM,2021-04-15,NEW YORK,NY,5.0,BLANK CHECKS,10.0,9.71,-2.90%,2021
FTAA,2021-04-16,PHILADELPHIA,PA,2.0,BLANK CHECKS,10.0,9.93,-0.70%,2021
GSEV,2021-04-15,BOULDER,CO,3.0,BLANK CHECKS,10.0,9.75,-2.50%,2021
VELO,2021-04-15,RIDGEFIELD,CT,4.0,RETAIL-CATALOG & MAIL-ORDER HOUSES,10.0,9.72,-2.85%,2021
CFVI,2021-04-12,NEW YORK,NY,3.0,BLANK CHECKS,10.0,12.02,20.20%,2021
BRPM,2021-04-09,NEW YORK,NY,1.0,SERVICES-ADVERTISING,10.0,9.88,-1.20%,2021
SPGS,2021-04-12,INDIANAPOLIS,IN,2.0,BLANK CHECKS,10.0,9.73,-2.70%,2021
FACA,2021-04-12,SAN FRANCISCO,CA,3.0,BLANK CHECKS,10.0,9.89,-1.10%,2021
TWNI,2021-04-09,NEW YORK,NY,3.0,BLANK CHECKS,10.0,9.72,-2.80%,2021
KIII,2021-04-12,NEWARK,DE,1.0,BLANK CHECKS,10.0,9.71,-2.90%,2021
KAII,2021-04-12,NEWARK,DE,1.0,BLANK CHECKS,10.0,9.69,-3.10%,2021
FSRX,2021-04-12,NEW YORK,NY,3.0,BLANK CHECKS,10.0,9.71,-2.95%,2021
VRPX,2021-02-17,WEST CHESTER,PA,2.0,PHARMACEUTICAL PREPARATIONS,10.0,2.00,-80.00%,2021
NVSA,2021-04-12,CHICAGO,IL,3.0,BLANK CHECKS,10.0,9.70,-3.00%,2021
PFDR,2021-04-09,PALO ALTO,CA,3.0,SERVICES-PREPACKAGED SOFTWARE,10.0,9.72,-2.80%,2021
MACA,2021-04-07,NEW YORK,NY,3.0,BLANK CHECKS,10.0,9.72,-2.80%,2021
AUUD,2021-02-17,BOULDER,CO,11.0,SERVICES-COMPUTER PROCESSING & DATA PREPARATION,4.13,1.60,-61.21%,2021
SPTK,2021-04-09,TULSA,OK,3.0,BLANK CHECKS,10.0,9.67,-3.30%,2021
ABGI,2021-02-17,NEW YORK,NY,2.0,BLANK CHECKS,10.0,9.70,-3.00%,2021
MSAC,2021-04-05,NEW YORK,NY,4.0,BLANK CHECKS,10.0,9.71,-2.91%,2021
SLAC,2021-04-05,SCOTTSDALE,AZ,3.0,BLANK CHECKS,10.0,9.72,-2.80%,2021
TSIB,2021-04-05,NEW YORK,NY,3.0,BLANK CHECKS,10.0,9.73,-2.70%,2021
BITE,2021-04-05,NEW YORK,NY,2.0,BLANK CHECKS,10.0,9.70,-3.05%,2021
LGVN,2021-02-12,MIAMI,FL,12.0,PHARMACEUTICAL PREPARATIONS,10.0,7.08,-29.20%,2021
TLIS,2021-02-12,MENLO PARK,CA,136.0,LABORATORY ANALYTICAL INSTRUMENTS,16.0,2.54,-84.13%,2021
SCLE,2021-04-05,PHILADELPHIA,PA,3.0,BLANK CHECKS,10.0,9.85,-1.50%,2021
RCLF,2021-03-26,NEW YORK,NY,3.0,BLANK CHECKS,10.0,9.84,-1.60%,2021
TCAC,2021-04-05,NEW YORK,NY,3.0,BLANK CHECKS,10.0,9.91,-0.90%,2021
NEXI,2021-02-12,GAITHERSBURG,MD,45.0,PHARMACEUTICAL PREPARATIONS,17.0,2.69,-84.18%,2021
CCVI,2021-04-05,NEW YORK,NY,2.0,BLANK CHECKS,10.0,9.79,-2.10%,2021
CVII,2021-04-05,NEW YORK,NY,2.0,BLANK CHECKS,10.0,9.75,-2.50%,2021
DBTX,2021-02-12,BOSTON,MA,40.0,PHARMACEUTICAL PREPARATIONS,18.0,4.03,-77.61%,2021
BVS,2021-02-11,DURHAM,NC,900.0,SURGICAL & MEDICAL INSTRUMENTS & APPARATUS,13.0,12.20,-6.15%,2021
BMBL,2021-02-11,AUSTIN,TX,700.0,"SERVICES-COMPUTER PROGRAMMING, DATA PROCESSING, ETC.",43.0,27.32,-36.47%,2021
PUCK,2021-03-26,AUSTIN,TX,2.0,BLANK CHECKS,10.0,9.71,-2.90%,2021
SGFY,2021-02-11,NORWALK,CT,2200.0,SERVICES-HOME HEALTH CARE SERVICES,24.0,12.77,-46.79%,2021
APR,2021-02-11,INDIANAPOLIS,IN,6460.0,SERVICES-HOME HEALTH CARE SERVICES,20.0,37.28,86.40%,2021
LDI,2021-02-11,FOOTHILL RANCH,CA,11664.0,FINANCE SERVICES,14.0,3.81,-72.79%,2021
DSP,2021-02-10,IRVINE,CA,289.0,"SERVICES-COMPUTER PROGRAMMING, DATA PROCESSING, ETC.",25.0,7.13,-71.48%,2021
VLON,2021-02-10,PHILADELPHIA,PA,2.0,PHARMACEUTICAL PREPARATIONS,8.0,4.70,-41.25%,2021
LGAC,2021-04-05,NEW YORK,NY,3.0,BLANK CHECKS,10.0,9.72,-2.80%,2021
ENNV,2021-04-01,SUMMIT,NJ,7.0,FABRICATED STRUCTURAL METAL PRODUCTS,10.0,7.82,-21.80%,2021
PGRW,2021-03-16,BOSTON,MA,3.0,BLANK CHECKS,10.0,9.79,-2.10%,2021
ADRA,2021-03-24,CHARLOTTE,NC,2.0,BLANK CHECKS,10.0,9.78,-2.20%,2021
SPAQ,2021-04-01,NEW YORK,NY,2.0,BLANK CHECKS,10.0,9.91,-0.90%,2021
PMGM,2021-04-01,FORT LAUDERDALE,FL,4.0,BLANK CHECKS,10.0,9.73,-2.70%,2021
PICC,2021-04-01,NEW YORK,NY,4.0,BLANK CHECKS,10.0,9.74,-2.60%,2021
VENA,2021-04-13,NEW YORK,NY,2.0,SERVICES-COMPUTER PROGRAMMING SERVICES,10.0,10.09,0.90%,2021
EVOJ,2021-04-01,CRYSTAL BAY,NV,3.0,BLANK CHECKS,10.0,9.69,-3.10%,2021
SDAC,2021-03-29,LOS ANGELES,CA,2.0,BLANK CHECKS,10.0,9.78,-2.20%,2021
BOLT,2021-02-05,REDWOOD CITY,CA,65.0,PHARMACEUTICAL PREPARATIONS,20.0,3.39,-83.05%,2021
GSQD,2021-03-26,CHICAGO,IL,3.0,BLANK CHECKS,10.0,9.88,-1.20%,2021
JOFF,2021-03-29,NEW YORK,NY,4.0,BLANK CHECKS,10.0,9.70,-3.00%,2021
CPUH,2021-03-29,WILMINGTON,DE,2.0,BLANK CHECKS,10.0,9.76,-2.40%,2021
TERN,2021-02-05,FOSTER CITY,CA,30.0,PHARMACEUTICAL PREPARATIONS,17.0,4.45,-73.82%,2021
QFTA,2021-03-10,TAMPA,FL,3.0,BLANK CHECKS,10.0,9.89,-1.10%,2021
ANGN,2021-02-05,UNIONDALE,NY,53.0,PHARMACEUTICAL PREPARATIONS,16.0,2.54,-84.13%,2021
VOR,2021-02-05,CAMBRIDGE,MA,122.0,"BIOLOGICAL PRODUCTS, (NO DISGNOSTIC SUBSTANCES)",18.0,7.39,-58.94%,2021
RMGC,2021-03-29,MIAMI BEACH,FL,4.0,BLANK CHECKS,10.0,9.74,-2.65%,2021
COVA,2021-03-30,SAN FRANCISCO,CA,2.0,BLANK CHECKS,10.0,9.72,-2.80%,2021
LHDX,2021-02-05,EMERYVILLE,CA,102.0,IN VITRO & IN VIVO DIAGNOSTIC SUBSTANCES,17.0,5.07,-70.18%,2021
TBCP,2021-03-29,GREAT FALLS,NY,2.0,BLANK CHECKS,10.0,9.72,-2.80%,2021
SNSE,2021-02-04,GAITHERSBURG,MD,32.0,PHARMACEUTICAL PREPARATIONS,19.0,4.50,-76.32%,2021
ACII,2021-03-29,NEW YORK,NY,2.0,BLANK CHECKS,10.0,9.73,-2.70%,2021
LABP,2021-02-04,BLACKSBURG,VA,33.0,PHARMACEUTICAL PREPARATIONS,16.0,2.85,-82.22%,2021
SANA,2021-02-04,SEATTLE,WA,354.0,"BIOLOGICAL PRODUCTS, (NO DISGNOSTIC SUBSTANCES)",25.0,7.64,-69.44%,2021
NXU,2021-03-29,INDIANAPOLIS,IN,2.0,"MISCELLANEOUS ELECTRICAL MACHINERY, EQUIPMENT & SUPPLIES",10.0,9.99,-0.10%,2021
ASAX,2021-03-15,KEY BISCAYNE,FL,2.0,TRANSPORTATION SERVICES,10.0,9.97,-0.30%,2021
ITQ,2021-03-29,NEW YORK,NY,6.0,BLANK CHECKS,10.0,9.69,-3.10%,2021
GHAC,2021-03-26,LAS VEGAS,NV,3.0,BLANK CHECKS,10.0,9.71,-2.90%,2021
PRPC,2021-03-26,NEW YORK,NY,4.0,BLANK CHECKS,10.0,9.77,-2.30%,2021
KRNL,2021-03-26,SAN FRANCISCO,CA,5.0,BLANK CHECKS,10.0,9.70,-3.00%,2021
TMAC,2021-03-26,HOLLYWOOD,CA,2.0,BLANK CHECKS,10.0,9.73,-2.70%,2021
ONTF,2021-02-03,SAN FRANCISCO,CA,547.0,SERVICES-PREPACKAGED SOFTWARE,50.0,15.40,-69.20%,2021
MDH,2021-03-25,SOUTHLAKE,TX,4.0,BLANK CHECKS,10.0,9.79,-2.10%,2021
AAC,2021-03-25,NEW YORK,NY,3.0,BLANK CHECKS,10.0,9.76,-2.40%,2021
JWSM,2021-03-26,MIAMI BEACH,FL,3.0,BLANK CHECKS,10.0,9.76,-2.40%,2021
BLUA,2021-03-22,SAN ANTONIO,TX,3.0,BLANK CHECKS,10.0,9.74,-2.60%,2021
MIT,2021-03-22,NEW YORK,NY,2.0,BLANK CHECKS,10.0,9.73,-2.70%,2021
ZWRK,2021-03-22,NEW YORK,NY,3.0,BLANK CHECKS,10.0,9.74,-2.60%,2021
BCAC,2021-02-22,NEW YORK,NY,3.0,BLANK CHECKS,10.0,10.01,0.10%,2021
HMPT,2021-01-29,ANN ARBOR,MI,2600.0,MORTGAGE BANKERS & LOAN CORRESPONDENTS,13.0,3.92,-69.85%,2021
GCAC,2021-03-22,NEW YORK,NY,2.0,MOTOR VEHICLE PARTS & ACCESSORIES,10.0,9.97,-0.30%,2021
EQHA,2021-03-22,AUSTIN,TX,2.0,BLANK CHECKS,10.0,9.70,-3.00%,2021
CLRM,2021-03-22,NEW YORK,NY,4.0,BLANK CHECKS,10.0,9.73,-2.70%,2021
IGNY,2021-03-12,NEW YORK,NY,3.0,BLANK CHECKS,10.0,9.77,-2.30%,2021
ITHX,2021-03-19,NEW YORK,NY,2.0,BLANK CHECKS,10.0,9.84,-1.60%,2021
TLGA,2021-03-22,WEST PALM BEACH,FL,2.0,BLANK CHECKS,10.0,9.72,-2.80%,2021
XM,2021-01-28,PROVO,UT,3455.0,SERVICES-PREPACKAGED SOFTWARE,30.0,28.64,-4.53%,2021
OCDX,2021-01-28,RARITAN,NJ,4700.0,IN VITRO & IN VIVO DIAGNOSTIC SUBSTANCES,17.0,17.30,1.76%,2021
CLIM,2021-03-19,PRINCETON,NJ,5.0,BLANK CHECKS,10.0,9.77,-2.30%,2021
FSSI,2021-03-19,WHITE PLAINS,NY,5.0,BLANK CHECKS,10.0,9.75,-2.50%,2021
SHLS,2021-01-27,PORTLAND,TN,504.0,SEMICONDUCTORS & RELATED DEVICES,25.0,15.47,-38.12%,2021
BIOT,2021-03-18,NEW YORK,NY,4.0,BLANK CHECKS,10.0,9.87,-1.35%,2021
DHHC,2021-03-18,NEW YORK,NY,2.0,BLANK CHECKS,10.0,9.73,-2.70%,2021
NSTB,2021-02-11,NEW YORK,NY,3.0,"SECURITY BROKERS, DEALERS & FLOTATION COMPANIES",10.0,9.73,-2.70%,2021
SSAA,2021-03-18,SANTA MONICA,CA,5.0,BLANK CHECKS,10.0,9.74,-2.60%,2021
LMAO,2021-03-18,TAMPA,FL,2.0,BLANK CHECKS,10.0,10.04,0.40%,2021
DNZ,2021-03-18,ATLANTA,GA,2.0,BLANK CHECKS,10.0,9.71,-2.90%,2021
HCII,2021-03-18,NEW YORK,NY,2.0,BLANK CHECKS,10.0,9.70,-3.00%,2021
JCIC,2021-03-15,NEW YORK,NY,4.0,BLANK CHECKS,10.0,9.71,-2.90%,2021
MNTK,2021-01-22,PITTSBURGH,PA,115.0,GAS & OTHER SERVICES COMBINED,8.5,10.38,22.12%,2021
SHAC,2021-03-15,TAMPA,FL,3.0,BLANK CHECKS,10.0,9.71,-2.90%,2021
OEPW,2021-03-15,NEW YORK,NY,2.0,BLANK CHECKS,10.0,9.71,-2.90%,2021
DFH,2021-01-21,JACKSONVILLE,FL,542.0,OPERATIVE BUILDERS,13.0,17.66,35.85%,2021
OSTR,2021-03-12,STAMFORD,CT,3.0,BLANK CHECKS,10.0,9.71,-2.90%,2021
TZPS,2021-03-12,NEW YORK,NY,4.0,BLANK CHECKS,10.0,9.72,-2.80%,2021
GMBT,2021-03-15,NEW YORK,NY,2.0,BLANK CHECKS,10.0,9.88,-1.20%,2021
CLAS,2021-03-08,SAN DIEGO,CA,3.0,BLANK CHECKS,10.0,9.73,-2.70%,2021
HCCC,2021-03-08,WILMINGTON,DE,2.0,BLANK CHECKS,10.0,9.97,-0.30%,2021
ADER,2021-03-08,MIAMI,FL,2.0,BLANK CHECKS,10.0,9.89,-1.15%,2021
OCAX,2021-03-08,NEW YORK,NY,2.0,BLANK CHECKS,10.0,9.99,-0.10%,2021
EAC,2021-02-16,NEW YORK,NY,2.0,BLANK CHECKS,10.0,9.74,-2.60%,2021
AEAC,2021-03-08,RYE,NY,3.0,BLANK CHECKS,10.0,9.73,-2.70%,2021
HCIC,2021-03-08,WILSON,WY,3.0,BLANK CHECKS,10.0,9.76,-2.40%,2021
GNAC,2021-03-08,NEW YORK,NY,3.0,BLANK CHECKS,10.0,9.78,-2.20%,2021
DRVN,2021-01-15,CHARLOTTE,NC,6900.0,"SERVICES-AUTOMOTIVE REPAIR, SERVICES & PARKING",22.0,27.83,26.50%,2021
POSH,2021-01-14,REDWOOD CITY,CA,558.0,RETAIL-CATALOG & MAIL-ORDER HOUSES,42.0,14.29,-65.98%,2021
MON,2021-03-12,INDIANAPOLIS,IN,5.0,BLANK CHECKS,10.0,9.73,-2.70%,2021
WOOF,2021-01-14,SAN DIEGO,CA,27081.0,"RETAIL-RETAIL STORES, NEC",18.0,18.09,0.50%,2021
HLAH,2021-03-05,CONSHOHOCKEN,PA,3.0,BLANK CHECKS,10.0,9.74,-2.60%,2021
MSGM,2021-01-13,MIAMI,FL,96.0,SERVICES-PREPACKAGED SOFTWARE,20.0,3.48,-82.60%,2021
PNTM,2021-03-05,NEW YORK,NY,2.0,BLANK CHECKS,10.0,9.75,-2.50%,2021
DLCA,2021-03-05,INCLINE VILLAGE,NV,3.0,BLANK CHECKS,10.0,9.73,-2.70%,2021
FINM,2021-03-05,HERMOSA BEACH,CA,2.0,BLANK CHECKS,10.0,9.72,-2.80%,2021
FCAX,2021-03-05,NEW YORK,NY,4.0,BLANK CHECKS,10.0,9.77,-2.30%,2021
AFRM,2021-01-13,SAN FRANCISCO,CA,1876.0,"SERVICES-BUSINESS SERVICES, NEC",49.0,57.49,17.33%,2021
GPAC,2021-03-04,RYE BROOK,NY,2.0,BLANK CHECKS,10.0,9.76,-2.40%,2021
SWET,2021-03-05,CAMBRIDGE,MA,2.0,BLANK CHECKS,10.0,9.72,-2.80%,2021
ADEX,2021-03-03,NEW YORK,NY,3.0,BLANK CHECKS,10.0,9.90,-1.00%,2021
LJAQ,2021-03-02,MENLO PARK,CA,4.0,BLANK CHECKS,10.0,9.86,-1.40%,2021
CGEM,2021-01-08,CAMBRIDGE,MA,33.0,"BIOLOGICAL PRODUCTS, (NO DISGNOSTIC SUBSTANCES)",21.0,12.80,-39.05%,2021
POW,2021-03-03,NEW YORK,NY,2.0,BLANK CHECKS,10.0,9.75,-2.50%,2021
TMKR,2021-03-01,NEW YORK,NY,5.0,BLANK CHECKS,10.0,9.83,-1.70%,2021
KLAQ,2021-03-01,NEW YORK,NY,3.0,BLANK CHECKS,10.0,9.74,-2.65%,2021
PRSR,2021-03-01,LA JOLLA,CA,2.0,BLANK CHECKS,10.0,9.75,-2.50%,2021
EPHY,2021-03-01,BURLINGAME,CA,3.0,BLANK CHECKS,10.0,9.73,-2.70%,2021
SVFA,2021-01-27,SAN CARLOS,CA,2.0,BLANK CHECKS,10.0,9.77,-2.35%,2021
PACX,2021-03-01,NEW YORK,NY,6.0,FINANCE SERVICES,10.0,9.77,-2.30%,2021
LHC,2021-03-01,LOS ANGELES,CA,3.0,BLANK CHECKS,10.0,9.74,-2.60%,2021
GSAQ,2021-03-01,NEW YORK,NY,3.0,BLANK CHECKS,10.0,9.88,-1.20%,2021
EPWR,2021-03-01,NEW YORK,NY,2.0,BLANK CHECKS,10.0,9.76,-2.40%,2021
VTIQ,2021-03-03,MAMARONECK,NY,4.0,BLANK CHECKS,10.0,9.75,-2.50%,2021
IVAN,2021-03-01,NEW YORK,NY,3.0,"MISCELLANEOUS ELECTRICAL MACHINERY, EQUIPMENT & SUPPLIES",10.0,7.68,-23.20%,2021
BLTS,2021-03-01,LOS ANGELES,CA,2.0,BLANK CHECKS,10.0,9.90,-1.00%,2021
OMEG,2021-01-07,BOSTON,MA,3.0,BLANK CHECKS,10.0,9.73,-2.70%,2021
INKA,2021-03-01,PALO ALTO,CA,4.0,BLANK CHECKS,10.0,9.89,-1.10%,2021
AGCB,2021-01-07,MENLO PARK,CA,2.0,BLANK CHECKS,10.0,9.77,-2.30%,2021
VCKA,2021-03-03,NEW YORK,NY,2.0,BLANK CHECKS,10.0,10.12,1.20%,2021
AKIC,2021-02-26,NEW YORK,NY,3.0,BLANK CHECKS,10.0,9.83,-1.70%,2021
KAIR,2021-02-26,NORWALK,CT,2.0,BLANK CHECKS,10.0,9.74,-2.60%,2021
BENE,2021-01-28,MIAMI,FL,2.0,BLANK CHECKS,10.0,10.20,2.00%,2021
CRU,2021-02-25,LOUISVILLE,CO,3.0,BLANK CHECKS,10.0,9.73,-2.70%,2021
FVT,2021-02-25,NEW YORK,NY,4.0,BLANK CHECKS,10.0,9.80,-2.00%,2021
